Company,Model,Year,Color,Engine_Capacity,Fuel_Type,Mileage,Auction_Grade,Price
TOYOTA,VOXY HYBRID,2020,BLACK,1800,HYBRID,69777,4.5,3500000
TOYOTA,ESQUIRE,2020,BLACK,1800,HYBRID,92500,3.5,3700000
TOYOTA,ESQUIRE,2020,PEARL,1800,HYBRID,97000,3.5,4000000
TOYOTA,COROLLA,2020,PEARL,1800,HYBRID,33000,4.5,3600000
Toyota,Corolla Cross,2021,Redwine,1800,Hybrid,30000,4.5,4850000
Toyota,CHR,2020,Unknown,1800,Hybrid,45000,4.5,3700000
TOYOTA,COROLLA CROSS,2021,PEARL,1800,HYBRID,28000,4.5,4650000
TOYOTA,AXIO HYBRID,2020,WHITE,1500,HYBRID,37285,4,2750000
HONDA,CIVIC,2020,RED,1500,OCTANE,46147,R,3750000
TOYOTA,SIENTA,2020,Unknown,1500,HYBRID,77196,4.5,3000000
TOYOTA,AXIO HYBRID,2020,WHITE,1500,HYBRID,39890,4.5,2700000
TOYOTA,AXIO NON - HYBRID,2020,SILVER,1500,HYBRID,14743,4.5,3250000
TOYOTA,COROLLA CROSS,2025,Unknown,1800,HYBRID,11,S,5750000
TOYOTA,PRIUS WITH 360 CAMERA,2020,RED,1800,HYBRID,89000,4.5,3550000
HONDA,INSIGHT,2020,BLACK,1500,HYBRID,56000,3.5,4200000
TOYOTA,PRIUS,2020,PEARL,1800,HYBRID,85518,3.5,3250000
TOYOTA,FIELDER HYBRID,2020,WHITE,1500,HYBRID,80000,4,2700000
MAZDA,MAZDA 3,2021,Unknown,1500,OCTANE,13123,4,4000000
TOYOTA,AQUA,2020,SILVER,1500,HYBRID,77000,4,2050000
TOYOTA,COROLLA CROSS MOONROOF,2021,BLACK,1800,HYBRID,22863,4.5,4700000
TOYOTA,YARIS CROSS,2021,Unknown,1500,HYBRID,35336,4.5,3750000
TOYOTA,AXIO HYBRID,2020,SILVER,1500,HYBRID,78000,4,2500000
TOYOTA,PREMIO,2020,PEARL,1500,OCTANE,53300,4,3950000
TOYOTA,VOXY HYBRID,2022,BLACK,1800,HYBRID,23025,"4,5",5500000
HONDA,VEZEL HYBRID,2021,RED,1500,HYBRID,40000,4,4450000
HONDA,Vezel,2021,PEARL,1500,HYBRID,42110,4,4450000
HONDA,VEZEL E:HEV,2021,PEARL,1500,HYBRID,24002,4,4450000
TOYOTA,PRIUS,2020,BLUE,1800,HYBRID,54335,3.5,3120000
TOYOTA,FIELDER HYBRID,2020,SILVER,1500,HYBRID,57722,4,2700000
Toyota,Aqua,2020,Pearl,1500,Hybrid,91000,4,2050000
Toyota,Prius,2020,Pearl,1800,Hybrid,39000,3.5,3250000
Toyota,Prius,2020,Beige,1800,Hybrid,26000,4.5,3250000
TOYOTA,SIENTA,2020,BLACK,1500,HYBRID,70150,4,2850000
HONDA,VEZEL HYBRID,2021,REDWINE,1500,HYBRID,23477,4.5,4450000
TOYOTA,PREMIO,2020,SILVER,1500,OCTANE,42830,4,3900000
TOYOTA,ESQUIRE HYBRID,2021,Unknown,1800,HYBRID,45040,4.5,4450000
TOYOTA,COROLLA HYBRID,2020,SILVER,1800,HYBRID,73287,4,2950000
TOYOTA,AXIO Non-Hybrid,2020,SILVER,1500,NON HYBRID,37000,3.5,2850000
TOYOTA,AXIO HYBRID,2020,WHITE,1500,HYBRID,85588,3.5,2520000
TOYOTA,AXIO HYBRID,2020,SILVER,1500,HYBRID,37804,4,2720000
TOYOTA,CH-R,2020,PEARL,1800,HYBRID,37200,4,3750000
TOYOTA,COROLLA CROSS,2022,BLACK,1800,HYBRID,42000,4.5,4600000
TOYOTA,COROLLA CROSS,2025,Unknown,1800,HYBRID,31,S,5800000
TOYOTA,COROLLA CROSS,2022,BLACK,1800,HYBRID,45500,4,4600000
HONDA,INSIGHT,2019,GRAY,1500,HYBRID,98604,4,3750000
TOYOTA,COROLLA CROSS,2022,PEARL,1800,HYBRID,22361,4.5,4850000
TOYOTA,COROLLA CROSS,2025,Unknown,1800,HYBRID,30,S,5700000
TOYOTA,COROLLA CROSS,2023,PEARL,1800,HYBRID,11360,5,5150000
TOYOTA,COROLLA CROSS,2024,BLACK,1800,HYBRID,95,S,5600000
TOYOTA,COROLLA CROSS,2025,Unknown,1800,HYBRID,26,S,5900000
HONDA,CR-V HYBRID,2021,BLACK,2000,HYBRID,33780,4.5,6350000
TOYOTA,COROLLA CROSS MOONROOF 4WD,2022,BRONZE,1800,HYBRID,36117,5,5150000
TOYOTA,COROLLA CROSS (HARDTOP),2021,PEARL,1800,HYBRID,19738,3.5,4200000
TOYOTA,NOAH HYBRID,2020,PEARL,1800,HYBRID,78137,4.5,3450000
TOYOTA,COROLLA CROSS (HARDTOP),2021,PEARL,1800,HYBRID,43192,4.5,4500000
TOYOTA,CH-R HYBRID,2020,Unknown,1800,HYBRID,27566,R,3350000
TOYOTA,FIELDER HYBRID,2020,BLACK,1500,HYBRID,41000,4,2620000
HONDA,CR-V NON HYBRID,2020,PEARL,1500,PETROL,29087,4.5,6050000
TOYOTA,FIELDER HYBRID,2020,SILVER,1500,HYBRID,86337,4,2450000
TOYOTA,FIELDER Hybrid,2020,WHITE,1500,HYBRID,73174,4,2450000
Toyota,Land Cruiser Prado,2021,Pearl,2700,OCTANE,26000,5,16500000
Toyota,Corolla Cross,2022,Redwine,1800,Hybrid,18000,4.5,4950000
Toyota,Corolla Cross,2021,Unknown,1800,Hybrid,23000,5,4650000
Toyota,Corolla Cross,2021,Unknown,1800,Hybrid,35000,4.5,4500000
Toyota,Prius,2020,Pearl,1800,Hybrid,60000,4,3200000
Toyota,CHR,2020,Pearl,1800,Hybrid,29000,4,3700000
TOYOTA,COROLLA CROSS MOONROOF,2025,BLACK,1800,HYBRID,10,S,5700000
TOYOTA,COROLLA CROSS (HARDTOP),2021,BLACK,1800,HYBRID,28596,4.5,4550000
TOYOTA,PREMIO,2020,Unknown,1500,OCTANE,40500,R,4450000
TOYOTA,PREMIO,2020,Unknown,1500,OCTANE,20000,R,4900000
TOYOTA,PREMIO,2020,PEARL,1500,OCTANE,69000,R,4450000
TOYOTA,AXIO HYBRID,2019,PEARL,1500,HYBRID,104000,4,2950000
TOYOTA,AXIO HYBRID,2019,BROWN,1500,HYBRID,59000,3.5,2800000
Suzuki,Carry,2021,White,650,OCTANE,Unknown,"1,300,000 Taka",Unknown
TOYOTA,COROLLA CROSS,2022,BRONZE,1800,HYBRID,15246,4.5,5150000
TOYOTA,COROLLA CROSS,2022,BRONZE,1800,HYBRID,15800,4.5,5150000
TOYOTA,YARIS CROSS,2021,PEARL,1800,HYBRID,47554,4,3750000
TOYOTA,COROLLA,2020,PEARL,1800,HYBRID,47000,4,3400000
TOYOTA,COROLLA,2020,BLACK,1800,HYBRID,41090,4,3100000
TOYOTA,COROLLA,2020,BLACK,1800,HYBRID,50581,4.5,3400000
TOYOTA,PRIUS,2020,BEIGE,1800,HYBRID,46340,4,3550000
TOYOTA,VEZEL,2021,RED,1500,OCTANE,22000,5,4300000
TOYOTA,PRIUS,2021,BEIGE,1800,HYBRID,60000,4,3500000
TOYOTA,PRIUS,2020,GREY,1800,HYBRID,43000,4,3350000
TOYOTA,NOAH HYBRID,2022,PEARL,1800,HYBRID,58000,4.5,5100000
MAZDA,Mazda 3,2021,BLACK,1500,OCTANE,46000,4,3800000
HONDA,GRACE HYBRID,2020,SILVER,1500,HYBRID,58000,R,2850000
HONDA,GRACE HYBRID,2020,SILVER,1500,HYBRID,29000,4.5,2650000
TOYOTA,ESQUIRE,2020,SILVER,1800,HYBRID,59000,4,4250000
TOYOTA,ESQUIRE,2020,BLACK,1800,HYBRID,48000,4.5,4300000
HONDA,CRV Non Hybrid,2020,PEARL,1500,OCTANE,28000,4.5,6000000
HONDA,CRV Hybrid,2022,BLACK,2000,HYBRID,27000,4,6600000
TOYOTA,COROLLA CROSS,2022,PEARL,1800,HYBRID,20000,4.5,4800000
TOYOTA,COROLLA CROSS,2025,Unknown,1800,HYBRID,25,S,5650000
TOYOTA,COROLLA CROSS,2021,PEARL,1800,HYBRID,49500,5,4750000
TOYOTA,COROLLA CROSS,2021,BLACK,18000,HYBRID,18000,4.5,4550000
TOYOTA,COROLLA CROSS (HARDTOP),2022,PEARL,1800,HYBRID,29788,5,4680000
TOYOTA,COROLLA CROSS,2022,BLACK,1800,HYBRID,30000,4.5,4650000
TOYOTA,COROLLA CROSS (HARDTOP),2021,BLACK,1800,HYBRID,27761,4.5,4550000
TOYOTA,Corolla Hybrid,2020,PEARL,1800,HYBRID,36000,4.5,3200000
TOYOTA,CH-R,2020,RED,1800,HYBRID,35000,4.5,3700000
TOYOTA,COROLLA TOURING,2020,BLACK,1800,HYBRID,47000,4,3250000
TOYOTA,COROLLA TOURING,2020,BLACK,1800,HYBRID,57000,4.5,3250000
TOYOTA,COROLLA CROSS,2022,BLACK,1800,HYBRID,43830,4,4780000
HONDA,CR-V,2021,BLACK,2000,HYBRID,40146,4.5,6200000
TOYOTA,PRIUS,2020,RED,1800,HYBRID,7691,4.5,3750000
HONDA,VEZEL,2021,PEARL,1500,HYBRID,33000,4.5,4750000
Toyota,Corolla Hybrid,2020,Pearl,1800,Hybrid,12000,4.5,3450000
Toyota,Prius,2020,Silver,1800,Hybrid,46000,4,3000000
TOYOTA,COROLLA,2020,PEARL,1800,HYBRID,43067,4.5,3500000
HONDA,CR-V HYBRID,2020,PEARL,1800,HYBRID,26953,R,5700000
HONDA,CR-V NON HYBRID,2020,PEARL,1500,OCTANE,23000,4.5,6000000
Toyota,Prius,2021,Red,1800,Hybrid,18000,4.5,3400000
TOYOTA,PRIUS,2020,SILVER,1800,HYBRID,47200,4.5,3150000
TOYOTA,PRIUS PHV,2020,RED,1800,Plug-In Hybrid,64515,4,3900000
TOYOTA,Corolla Hybrid,2020,PEARL,1800,Gasoline+Hybrid,49960,4.5,3150000
TOYOTA,PRIUS,2020,Red,1800,Plug-In Hybrid,33753,4.5,4100000
TOYOTA,S,2020,BEIGE,1800,Hybrid,20777,4.5,3300000
TOYOTA,PRIUS,2020,PEARL,1800,HYBRID,34303,4.5,3350000
Toyota,Prius,2020,Red,1800,Hybrid,14000,4.5,3500000
TOYOTA,COROLLA,2020,PEARL,1800,HYBRID,47849,4.5,3250000
TOYOTA,NOAH,2023,PEARL,1800,HYBRID,12190,5,5350000
TOYOTA,AXIO,2020,WHITE,1500,HYBRID,69196,4,2600000
TOYOTA,COROLLA CROSS,2021,Unknown,1800,HYBRID,31180,4.5,4450000
TOYOTA,COROLLA,2020,PEARL,1800,HYBRID,21541,4.5,3250000
Toyota,Alphard,2025,Gold,2500,Hybrid,400,S,Unknown
TOYOTA,PRIUS,2020,PEARL,1800,HYBRID,49000,4,3250000
TOYOTA,PRIUS,2020,PEARL,1800,HYBRID,73472,4,3100000
TOYOTA,PRIUS S TOURING,2020,RED,1800,HYBRID,54876,4,3550000
TOYOTA,FIELDER,2020,SILVER,1500,HYBRID,36415,4.5,2650000
TOYOTA,AXIO HYBRID,2020,WHITE,1500,HYBRID,36755,4,2700000
TOYOTA,COROLLA CROSS,2025,BLACK,1800,HYBRID,8,S,5600000
TOYOTA,COROLLA CROSS,2025,Unknown,1800,HYBRID,5,S,5600000
TOYOTA,COROLLA CROSS,2025,Unknown,1800,HYBRID,4,S,5650000
TOYOTA,CHR,2020,Unknown,1800,HYBRID,37647,4.5,3825000
TOYOTA,CHR,2020,Unknown,1800,HYBRID,20890,4.5,3850000
TOYOTA,PRIUS,2020,SILVER,1800,HYBRID,53850,4,3100000
TOYOTA,AXIO,2020,WHITE,1500,HYBRID,33985,4.5,2900000
TOYOTA,AXIO,2020,SILVER,1500,HYBRID,29576,4,2900000
TOYOTA,VOXY HYBRID,2020,PEARL,1800,HYBRID,84951,4,3400000
TOYOTA,COROLLA CROSS,2022,PEARL,1800,HYBRID,35426,4,4800000
TOYOTA,AXIO HYBRID,2020,WHITE,1500,HYBRID,32500,4,2800000
TOYOTA,NOAH,2021,PEARL,1800,HYBRID,49800,4,3850000
TOYOTA,COROLLA,2021,PEARL,1800,HYBRID,58000,4,3300000
TOYOTA,AXIO HYBRID,2020,WHITE,1500,Gasoline+Hybrid,42592,4,2720000
TOYOTA,CAMRY,2021,Unknown,2500,HYBRID,40057,4.5,7000000
TOYOTA,PRIUS,2020,BLACK,1800,HYBRID,31970,4.5,3800000
Nissan,X-Trail,2020,Pearl,2000,Hybrid,35000,5,4900000
Toyota,Prius,2020,Beige,1800,Hybrid,9000,4.5,3650000
Toyota,Corolla Hybrid,2020,Black,1800,Hybrid,8000,4,3500000
TOYOTA,ALLION,2021,SILVER,1500,OCTANE,3892,4,4350000
HONDA,INSIGHT,2020,Unknown,1500,HYBRID,46000,4,4400000
TOYOTA,NOAH HYBRID,2023,GRAY,1800,HYBRID,19000,3.5,5200000
Honda,Grace,2020,Red,1500,Hybrid,61000,4,3100000
TOYOTA,NOAH HYBRID,2022,BLACK,1800,HYBRID,44155,4.5,5100000
Toyota,Corolla Hybrid,2020,Unknown,1800,Hybrid,85000,4.5,3200000
TOYOTA,NOAH HYBRID,2022,PEARL,1800,HYBRID,15830,4,5150000
Toyota,CHR,2020,Unknown,1800,Hybrid,44000,5,3800000
Toyota,Land Cruiser Prado,2021,Pearl,2700,Octean,10000,4.5,17000000
Honda,CRV Non Hybrid,2022,Pearl,1500,Octean,27000,4.5,6700000
TOYOTA,PRIUS,2020,BEIGE,1800,HYBRID,32000,4.5,3850000
Toyota,Prius,2020,Gray,1800,Hybrid,53000,3.5,3400000
Toyota,Yaris Cross,2020,Unknown,1500,Hybrid,75000,4.5,3600000
Toyota,Harrier,2020,Pearl,2000,Octane,28000,5,8200000
Toyota,Yaris Cross,2020,Redwine,1500,Hybrid,17000,4.5,3650000
Toyota,Corolla Cross,2022,Bronze,1800,Hybrid,35000,4.5,4900000
Toyota,Yaris Cross,2021,Black,1500,Hybrid,50000,4.5,3700000
TOYOTA,PREMIO,2021,REDWINE,1500,OCTANE,22000,4,4800000
TOYOTA,PREMIO,2021,REDWINE,1500,OCTANE,15000,3.5,4750000
TOYOTA,PRIUS,2020,BLACK,1800,HYBRID,73000,3.5,3350000
TOYOTA,VOXY,2022,Unknown,1800,HYBRID,29000,5,5000000
TOYOTA,ESQUIRE,2019,BLACK,1800,HYBRID,95500,R,3900000
TOYOTA,COROLLA,2019,PEARL,1800,HYBRID,46391,4,3350000
TOYOTA,COROLLA CROSS (MOONROOF),2021,PEARL,1800,HYBRID,16368,4.5,5070000
TOYOTA,COROLLA CROSS,2025,Unknown,1800,HYBRID,7,S,5600000
TOYOTA,COROLLA CROSS,2025,BLACK,1800,HYBRID,7,S,5600000
TOYOTA,VOXY HYBRID,2020,SILVER,1800,HYBRID,65201,RA,3200000
TOYOTA,COROLLA CROSS,2022,PEARL,1800,HYBRID,13000,4.5,5000000
TOYOTA,PRIUS,2021,BLUE,1800,HYBRID,30000,4,3350000
TOYOTA,PRIUS,2020,GRAY,1800,HYBRID,43000,4,3350000
TOYOTA,RAV 4 WITH SUNROOF,2020,PEARL,2000,HYBRID,52000,4,6400000
TOYOTA,PRIUS,2020,PEARL,1800,HYBRID,52000,4.5,3350000
TOYOTA,COROLLA CROSS,2021,PEARL,1800,HYBRID,23516,5,4750000
Toyota,Premio,2020,Black,1500,Octane,3000,4,4700000
Toyota,Premio,2020,Black,1800,Octane,27000,4.5,4700000
Toyota,Premio,2020,Unknown,1500,Octane,30000,4,4700000
Toyota,Premio,2020,Pearl,1500,Octane,18000,5,4600000
Toyota,Premio,2020,Pearl,1500,Octane,37000,4.5,4600000
Toyota,Premio,2021,Redwine,1500,Octane,15000,4,4850000
TOYOTA,CH-R,2020,PEARL,1800,HYBRID,69500,4.5,3570000
TOYOTA,CH-R,2020,Unknown,1800,HYBRID,50780,4.5,3670000
TOYOTA,AXIO,2020,SILVER,1500,HYBRID,68637,R,2530000
TOYOTA,PRIUS,2019,BLACK,1800,HYBRID,53500,3.5,3350000
TOYOTA,AXIO,2019,BEIGE,1500,HYBRID,91091,3,2350000
HONDA,VEZEL HYBRID,2021,Unknown,1500,25570,Unknown,"4,700,000 Taka",Unknown
HONDA,VEZEL HYBRID,2021,GRAY,1500,22000,5,"4,750,000 Taka",Unknown
HONDA,Vezel E:HEV,2021,RED,1500,HYBRID,32661,4.5,4300000
HONDA,Vezel E:HEV,2021,BEIGE,1500,Gasoline+Hybrid,35087,4.5,4250000
TOYOTA,YARIS CROSS,2020,PEARL,1500,HYBRID,27000,4.5,3600000
TOYOTA,COROLLA CROSS,2021,PEARL,1800,HYBRID,49400,5,4730000
TOYOTA,PRIUS,2019,BLACK,1800,HYBRID,76000,3,3120000
TOYOTA,ALLION,2019,PEARL,1500,PETROL,67000,R,4000000
HONDA,GRACE,2020,PEARL,1500,HYBRID,20000,R,2770000
TOYOTA,COROLLA,2020,Pearl,1800,HYBRID,57200,4.5,3400000
TOYOTA,FIELDER,2019,REDWINE,1500,OCTANE,60000,4.5,3200000
TOYOTA,FIELDER,2019,BLACK,1500,OCTANE,22000,4.5,3350000
TOYOTA,VOXY,2020,PEARL,1800,HYBRID,86768,4,3500000
TOYOTA,NOAH,2020,PEARL,1800,HYBRID,49464,3.5,3380000
TOYOTA,COROLLA,2020,PEARL,1800,HYBRID,19238,4,3420000
HONDA,CR-V,2020,PEARL,1500,NON-HYBRID,39000,4,5720000
TOYOTA,PRIUS,2020,RED,1800,HYBRID,64515,4,3970000
TOYOTA,NOAH,2020,PEARL,2000,PETROL,77308,3,4050000
TOYOTA,AXIO,2020,SILVER,1500,HYBRID,41189,4,2730000
TOYOTA,CH-R,2020,PEARL,1800,HYBRID,30732,4.5,3850000
TOYOTA,CH-R,2020,Unknown,1800,HYBRID,39755,4.5,3750000
TOYOTA,YARIS CROSS,2020,PEARL,1500,HYBRID,25403,4.5,3800000
TOYOTA,AQUA,2020,BLACK,1500,HYBRID,89091,4,2000000
TOYOTA,AQUA,2020,PEARL,1500,HYBRID,72959,3,2370000
TOYOTA,AXIO,2019,PEARL,1500,PETROL & HYBRID,26000,4,2900000
TOYOTA,PREMIO,2021,Unknown,1500,OCTANE,65000,5,4850000
HONDA,CIVIC,2021,RED,1500,OCTANE,32000,3.5,5150000
TOYOTA,PREMIO,2019,REDWINE,1500,OCTANE,9616,3.5,4350000
TOYOTA,ESQUIRE,2019,PEARL,1800,HYBRID,82000,R,3200000
TOYOTA,FIELDER NON-HYBRID,2020,BLACK,1500,OCTANE,17869,3.5,2950000
HONDA,CIVIC,2019,BLACK,1500,89000,Unknown,"4,050,000 Taka",Unknown
HONDA,GRACE,2020,PEARL,1500,HYBRID,20000,R,2800000
TOYOTA,COROLLA,2020,PEARL,1800,HYBRID,71000,3,3300000
TOYOTA,C-HR,2020,PEARL,1800,HYBRID,22000,4.5,3550000
Toyota,Hiace,2020,Black,2000,83000,3,"4,050,000 Taka",Unknown
TOYOTA,YARIS CROSS,2020,BLACK,1500,HYBRID,43127,4,3500000
Toyota,Hiace,2020,Black,2000,Octane,131000,3.5,4300000
Toyota,Hiace,2020,Black,2000,Octane,128000,3.5,4200000
TOYOTA,COROLLA CROSS,2025,BLACK,1800,HYBRID,5,S,5500000
TOYOTA,COROLLA CROSS,2021,PEARL,1800,HYBRID,13691,5,4500000
Toyota,Hiace,2020,Black,2000,Octean,64000,4,4450000
Toyota,Esquire Hybrid,2019,Pearl,1800,Hybrid,89000,3.5,3800000
Toyota,Esquire Hybrid,2020,Black,1800,Hybrid,57000,4,4150000
Toyota,Noah Non-Hybrid,2019,Black,2000,Octean,71000,4,3850000
Toyota,Noah Hybrid,2020,Black,1800,Hybrid,96000,4,3450000
Toyota,Noah Non Hybrid,2020,Pearl,2000,Octean,83000,4.5,4300000
Toyota,Fielder Hybrid,2019,Redwine,1500,Hybrid,78000,4,2950000
Toyota,Fielder Hybrid,2020,Silver,Unknown,82000,4,"2,600,000 Taka",Unknown
Toyota,Axio Hybrid,Silver,Unknown,Unknown,85000,Unknown,"2,500,000 Taka",Unknown
Toyota,Axio Hybrid,2019,Silver,1500,Hybrid,59000,4,2500000
Toyota,Axio Hybrid,2019,Silver,1500,Hybrid,52000,4,2500000
Honda,Grace,2019,Pearl,1500,Hybrid,86000,3.5,2600000
Honda,Insight,2019,Red,1500,Hybrid,44000,4.5,3950000
Toyota,Prius,2019,Black,1800,Hybrid,67000,4,3450000
Toyota,Prius,2019,Redwine,1800,Hybrid,55000,4,3450000
Toyota,Prius,2020,Pearl,1800,Hybrid,16000,4,3300000
TOYOTA,PREMIO,2021,Unknown,1500,OCTANE,65000,4.5,4850000
TOYOTA,C-HR (MODELLISTA BODY KIT),2020,Unknown,1800,HYBRID,65000,4.5,3700000
Toyota,Corolla Hybrid,2019,Pearl,1800,Hybrid,101000,4,3100000
Toyota,Allion,2019,Pearl,1500,OCTANE,27000,4.5,3850000
Toyota,Allion,2019,Pearl,1500,OCTANE,40000,4,4150000
Toyota,Premio,2019,White,1500,OCTANE,55000,4,3950000
Toyota,Premio,2019,Pearl,1500,OCTANE,64000,4,4000000
Toyota,Premio,2021,Redwine,1500,Octean,26000,4,4800000
TOYOTA,CROWN,2020,PEARL,2500,HYBRID,33305,5,8300000
TOYOTA,PRIUS,2020,RED,1800,HYBRID,16022,4.5,3650000
TOYOTA,COROLLA CROSS,2025,Unknown,1800,HYBRID,9,S,5600000
TOYOTA,COROLLA TOURING,2021,Unknown,1800,HYBRID,33688,4,3450000
TOYOTA,HARRIER,2019,PEARL,2000,OCTANE,60000,4.5,6550000
TOYOTA,HARRIER,2019,BLACK,2000,OCTANE,44000,4,6700000
HONDA,CR-V Hybrid,2019,PEARL,2000,HYBRID,48000,4,5550000
TOYOTA,RAV 4,2020,PEARL,2500,HYBRID,52000,4,6350000
TOYOTA,ALLION,2019,Silver,1500,OCTANE,31000,4,3800000
TOYOTA,PREMIO,2021,PEARL,1500,OCTANE,10000,5,4850000
Toyota,Alphard,2021,Pearl,2500,Octean,25000,4.5,12000000
Toyota,Corolla Cross,2025,Unknown,1800,Hybrid,0,S,5600000
TOYOTA,COROLLA CROSS,2022,BRONZE,1800,PETROL HYBRID,31500,4.5,5300000
TOYOTA,COROLLA CROSS,2023,BRONZE,1800,HYBRID,11000,5,5500000
TOYOTA,COROLLA CROSS,2022,BLACK,1800,PETROL HYBRID,10500,4.5,5250000
TOYOTA,COROLLA CROSS,2024,REDWINE,1800,PETROL & HYBRID,6,S,5550000
HONDA,CR-V,2020,RED,1500,PETROL,23200,4,5900000
HONDA,CR-V,2020,Unknown,1500,PETROL,15000,4,6150000
Toyota,Corolla Cross,2022,Black,1800,Hybrid,25000,4.5,5300000
Toyota,Corolla Cross,2024,Unknown,1800,Hybrid,10,S,5600000
Toyota,Corolla Cross,2024,Redwine,1800,Hybrid,6,S,5450000
Toyota,Harrier Non-Hybrid,2019,Black,2000,Octane,68000,4,6900000
Toyota,Prius,2020,Beige,1800,Hybrid,23000,4,3300000
Toyota,Prius,2020,Beige,1800,Hybrid,55000,4.5,3100000
Toyota,Corolla Cross,2022,Pearl,1800,Hybrid,23000,4.5,4750000
Toyota,Corolla Cross,2021,Pearl,1800,Hybrid,33000,4.5,4650000
Toyota,Axio Hybrid,2020,Silver,1500,Hybrid,46000,4.5,2650000
TOYOTA,COROLLA,2019,PEARL,1800,HYBRID,66000,4,2850000
TOYOTA,ALLION,2019,PEARL,1500,OCTANE,21000,4,3950000
TOYOTA,RAV4,2020,BLACK,2500,HYBRID,31655,4,6400000
Toyota,Land Cruiser Prado,2022,Pearl,2700,Octean,11,6,18000000
TOYOTA,FIELDER,2019,Unknown,1500,OCTANE,84384,4.5,3150000
TOYOTA,AXIO,2020,BLACK,1500,OCTANE,5000,4.5,3300000
TOYOTA,PRIUS,2020,PEARL,1800,HYBRID,18748,4.5,3600000
Toyota,Voxy Non-Hybrid,2023,Unknown,2000,Octane,2000,6,6500000
Toyota,Voxy Hybrid,2023,Pearl,1800,Hybrid,6000,5,5800000
Toyota,Harrier Hybrid,2024,Pearl,2500,Hybrid,3,S,11000000
TOYOTA,C-HR,2019,Unknown,1800,HYBRID,67000,3.5,3500000
Honda,CRV Hybrid,2019,Red,2000,Hybrid,65000,4.5,5500000
TOYOTA,YARIS CROSS,2020,BLACK,1500,HYBRID,25063,5,3750000
TOYOTA,C-HR,2019,PEARL,1800,HYBRID,25753,4.5,3600000
TOYOTA,LANDCRUISER PRADO,2021,PEARL,2700,OCTANE,4000,6,17000000
HONDA,INSIGHT,2019,PEARL,1500,HYBRID,44202,4.5,3800000
Toyota,Fielder Non-Hybrid,2019,Redwine,1500,Octane,16000,4.5,3300000
Toyota,Prius,2019,Pearl,1800,Hybrid,71000,4,3400000
TOYOTA,AXIO Non Hybrid,2019,SILVER,1500,PETROL,31645,4,2550000
TOYOTA,AXIO Non Hybrid,2019,SILVER,1500,PETROL,23054,4,2500000
TOYOTA,COROLLA CROSS (MOONROOF),2023,PEARL,1800,114,Unknown,"5,600,000 Taka",Unknown
Toyota,Corolla Cross,2024,Unknown,1800,Hybrid,6,S,5600000
Honda,CRV Hybrid,2019,Pearl,2000,Hybrid,47000,"4,5",5600000
HONDA,CIVIC,2021,Unknown,1500,PETROL,6600,5,5500000
TOYOTA,PRIUS,2019,GRAY,1800,HYBRID,71000,4,3500000
Toyota,Corolla Hybrid,2021,Black,1800,Hybrid,22000,5,3700000
Toyota,Prius,2019,Redwine,1800,Hybrid,16000,4.5,3550000
TOYOTA,COROLLA CROSS,2023,PEARL,1800,HYBRID,7739,5,5300000
Toyota,Harrier Non-Hybrid,2021,Black,2000,Octane,9000,4.5,9000000
Toyota,Corolla Cross,2024,Black,1800,Hybrid,8,S,5700000
NISSAN,X-TRAIL,2019,BROWN,2000,HYBRID,52100,4.5,3900000
Toyota,Noah Hybrid,2024,Black,1800,Hybrid,14,S,6300000
Honda,CRV Hybrid,2019,Pearl,2000,Hybrid,60000,4,5500000
TOYOTA,COROLLA CROSS,2024,Unknown,1800,Hybrid,999,S,5650000
HONDA,CR-V BROWN INTERIOR,2019,BLACK,2000,HYBRID,44000,3.5,5500000
TOYOTA,PRIUS,2019,PEARL,1800,HYBRID,35000,4,3350000
Toyota,CHR,2019,Black,1800,Hybrid,41000,3.5,3150000
Toyota,CHR,2019,Redwine,1800,Hybrid,48000,4,3350000
Toyota,Aqua,2019,Unknown,1500,Hybrid,84000,4.5,2200000
Toyota,Premio,2021,Redwine,1500,Octane,31000,4.5,4850000
TOYOTA,ALLION,2019,SILVER,1500,OCTANE,14000,4,4300000
TOYOTA,PRIUS,2019,BLUE,1800,HYBRID,42000,3.5,3300000
Toyota,Corolla Hybrid,2021,Pearl,1800,Hybrid,4500,4.5,3700000
Toyota,Prius,2020,Red,1800,Hybrid,16000,4,3250000
Toyota,Corolla Cross,2022,Pearl,1800,Hybrid,17000,6,4650000
Toyota,Corolla Hybrid,2020,Pearl,1800,Hybrid,12000,4.5,3350000
TOYOTA,ALLION A15,2019,SILVER,1500,OCTANE,31000,4,3900000
TOYOTA,ALLION,2019,PEARL,1500,OCTANE,18000,3.5,4200000
TOYOTA,PREMIO,2020,PEARL,1500,OCTANE,83000,3.5,4350000
TOYOTA,AXIO HYBRID,2019,PEARL,1500,HYBRID,26000,3.5,2900000
TOYOTA,COROLLA CROSS (MOONROOF),2024,RED,1800,HYBRID,26,S,5500000
TOYOTA,COROLLA CROSS (MOONROOF),2021,BLACK,1800,HYBRID,20105,5,4900000
TOYOTA,AXIO,2019,BRONZE,1500,HYBRID,52000,4.5,2750000
TOYOTA,NOAH HYBRID,2019,PEARL,1800,HYBRID,66000,3.5,3700000
TOYOTA,COROLLA CROSS,2022,BLACK,1800,HYBRID,23600,4.5,5200000
TOYOTA,COROLLA CROSS (MOONROOF),2024,REDWINE,1800,HYBRID,3,S,5730000
TOYOTA,COROLLA CROSS,2021,BLACK,1800,HYBRID,8997,5,4800000
NISSAN,X-TRAIL 7 SEATER,2019,PEARL,2000,42000,5,"5,700,000 Taka",Unknown
TOYOTA,COROLLA CROSS,2022,PEARL,1800,HYBRID,22811,4.5,4750000
TOYOTA,COROLLA CROSS,2021,Unknown,1800,HYBRID,26989,4.5,4750000
Toyota,CHR,2019,Redwine,1800,Hybrid,12000,4.5,3800000
TOYOTA,AXIO NON HYBRID,2019,SILVER,1500,HYBRID,25000,3.5,2950000
Toyota,Esquire,2020,Black,2000,Octean,54000,4.5,4000000
Toyota,Harrier Non-Hybrid,2021,Black,1800,Octean,2500,4.5,8900000
HONDA,INSIGHT,2019,SILVER,1500,HYBRID,23400,4.5,3480000
TOYOTA,AXIO HYBRID,2019,WHITE,1500,HYBRID,52000,4.5,3000000
TOYOTA,COROLLA,2019,PEARL,1800,HYBRID,38000,3.5,3350000
TOYOTA,COROLLA CROSS,2024,REDWINE,1800,HYBRID,3,S,5500000
TOYOTA,COROLLA CROSS,2024,REDWINE,1800,HYBRID,5,S,5600000
TOYOTA,COROLLA CROSS,2024,REDWINE,1800,HYBRID,5,S,5500000
TOYOTA,AXIO HYBRID,2019,WHITE,1500,HYBRID,95271,4,2220000
TOYOTA,FIELDER,2019,BLACK,1500,OCTANE,50000,3,3100000
TOYOTA,NOAH SI WXB II,2019,BLACK,2000,OCTANE,34000,4,4300000
TOYOTA,C-HR (MODELLISTA BODY KIT),2019,PEARL,1800,HYBRID,33000,4.5,3600000
MITSUBISHI,OUTLANDER PHEV,2018,Unknown,2000,HYBRID,60750,4,5700000
Toyota,Axio Hybrid,2019,White,1500,Hybrid,85000,4,2350000
Toyota,Fielder Non-Hybrid,2019,Blue,1500,Octean,81000,4,2550000
Toyota,Corolla Cross,2023,Red,1800,Hybrid,3000,4.5,5200000
Honda,CRV Non Hybrid,2019,Red,1500,Octane,13000,4.5,6100000
Toyota,Harrier Non-Hybrid,2019,Black,2000,Octean,68000,4,6900000
Toyota,Harrier Non-Hybrid,2019,Pearl,2000,Octean,34000,4,6800000
Toyota,Harrier Non-Hybrid,2021,Pearl,2000,Octean,35000,4.5,8900000
Lexus,NX300H,2020,Red,2500,Octean,54000,4,9000000
Toyota,Land Cruiser Prado,2020,Black,2700,Desel,39000,4.5,16000000
Toyota,Land Cruiser Prado,2021,Pearl,2700,Desel,31000,4.5,17000000
TOYOTA,FIELDER NON-HYBRID,2019,BLACK,1500,HYBRID,4,3,3200000
TOYOTA,FIELDER NON-HYBRID,2019,PEARL,1500,HYBRID,65000,4,3250000
TOYOTA,FIELDER NON-HYBRID,2019,REDWINE,1500,HYBRID,30000,4.5,3450000
HONDA,CR-V BROWN INTERIOR,2018,PEARL,2000,HYBRID,46000,5,6000000
Toyota,Aqua,2019,Unknown,1500,Hybrid,114000,4,1850000
Toyota,Prius,2019,White,1800,Hybrid,64000,4,2950000
Toyota,CHR,2019,Unknown,1800,Hybrid,44000,4.5,3450000
Toyota,Prius,2019,Pearl,1800,Hybrid,46000,4.5,3400000
Toyota,Prius,2019,Pearl,1800,Hybrid,42000,4,3200000
Toyota,CHR,2019,Unknown,1800,Hybrid,56000,4.5,3550000
Toyota,Premio,2020,Pearl,1500,Octean,42000,4,4400000
Toyota,AXIO Non-Hybrid,2019,Silver,1500,Octean,40000,4,2400000
Toyota,Axio Hybrid,2019,White,1500,Hybrid,56000,4,2750000
Toyota,Axio Hybrid,2019,SIlver,1500,Hybrid,59000,4,2400000
TOYOTA,HIACE DARK PRIME SELECTION II,2020,BLACK,2000,OCTANE,50000,4,4800000
Toyota,Prius,2019,Black,1800,Hybrid,77000,3.5,3200000
Toyota,Prius,2019,Pearl,1800,Hybrid,71000,4,3300000
Toyota,Prius,2019,Pearl,1800,Hybrid,57000,4,3250000
Toyota,Yaris Cross,2020,Unknown,1500,Hybrid,42000,Automatic,3850000
Toyota,CHR,2019,Gray,1800,Hybrid,12000,4,3400000
TOYOTA,PRIUS,2019,BLACK,1800,HYBRID,73000,3.5,3200000
Toyota,Esquire Non Hybrid,2019,Pearl,2000,Octean,89000,4,4100000
Toyota,Esquire Non-Hybrid,2019,Black,2000,Octean,62000,4.5,4350000
TOYOTA,FIELDER,2020,BLACK,1500,OCTANE,85000,4.5,2550000
Toyota,Esquire Hybrid,2019,Pearl,1800,Hybrid,53000,4,3950000
Toyota,Esquire Hybrid,2021,Pearl,1800,Hybrid,59000,4.5,4300000
Toyota,Corolla Cross,2022,Pearl,1800,Hybrid,21000,5,5050000
TOYOTA,YARIS CROSS,2021,BLACK,1500,HYBRID,1000,4.5,4200000
Toyota,Harrier Non-Hybrid,2019,Pearl,2000,Octean,50000,4.5,6800000
TOYOTA,COROLLA CROSS (MOONROOF),2024,PEARL,1800,HYBRID,3,S,5700000
Toyota,Harrier Non-Hybrid,2020,Pearl,2000,Octean,36000,4.5,8100000
Toyota,Harrier Hybrid,2020,Pearl,2500,Hybrid,47000,4.5,8100000
TOYOTA,Harrier Non-Hybrid,2020,Black,2000,Octean,36000,4.5,8300000
Toyota,Harrier Non-Hybrid,2020,Pearl,2000,Octean,45000,4.5,8300000
TOYOTA,HIACE DARK PRIME SELECTION II,2021,BLACK,2000,OCTANE,49000,4.5,4850000
TOYOTA,HAICE,2019,PEARL,2000,OCTANE,22000,4,4700000
TOYOTA,COROLLA CROSS,2022,PEARL,1800,Hybrid,25000,5,4750000
TOYOTA,AXIO HYBRID,2019,PEARL,1500,Hybrid,31000,5,3100000
TOYOTA,COROLLA CROSS (HARDTOP),2022,BLACK,1800,HYBRID,29000,4.5,4650000
TOYOTA,PREMIO,2021,BLACK,1500,Octean,37000,5,4750000
TOYOTA,PREMIO,2021,Redwine,1500,Octean,34000,4.5,4750000
TOYOTA,PREMIO,2021,PEARL,1500,Octean,600,5,4700000
Toyota,Premio,2019,Silver,1500,Octean,24000,4.5,4200000
TOYOTA,PREMIO FEX,2020,Unknown,1500,Octean,32000,4,4650000
TOYOTA,Premio,2020,Pearl,1500,Octean,29000,4,4200000
TOYOTA,COROLLA CROSS,2022,BLACK,1800,Hybrid,30000,5,4650000
TOYOTA,COROLLA CROSS,2021,BLACK,1800,Hybrid,36000,4.5,4500000
TOYOTA,ESQUIRE,2019,PEARL,2000,Hybrid,14000,4,4700000
TOYOTA,Esquire Hybrid,2019,Unknown,1800,Hybrid,28000,4.5,4200000
TOYOTA,Harrier Non-Hybrid,2019,PEARL,2000,Octean,25000,4.5,6700000
TOYOTA,ALLION,2019,REDWINE,1500,OCTANE,26000,R,4000000
TOYOTA,COROLLA CROSS,2021,BLACK,1800,Hybrid,11000,5,4700000
TOYOTA,AXIO HYBRID,2019,Silver,1500,Hybrid,36000,4.5,2450000
TOYOTA,AXIO HYBRID,2019,WHITE,1500,Hybrid,33000,4,2400000
TOYOTA,AXIO HYBRID,2019,White,1500,Hybrid,47326,4.5,2450000
TOYOTA,Harrier Non-Hybrid,2019,PEARL,2000,Octean,40000,4.5,6700000
TOYOTA,FIELDER NON-HYBRID,2019,PEARL,1500,OCTANE,32000,4,3350000
NISSAN,X-TRAIL,2024,BRONZE,1500,Octean,9,S,7700000
TOYOTA,VOXY HYBRID,2022,PEARL,1800,HYBRID,10000,5,5500000
TOYOTA,PREMIO,2020,PEARL,1500,OCTANE,40,5,4700000
TOYOTA,PRIUS S,2019,RED,1800,Hybrid,40000,4,3250000
TOYOTA,COROLLA CROSS,2024,PEARL,1800,HYBRID,4,S,5700000
TOYOTA,ESQUIRE GI PREMIUM,2019,PEARL,1800,HYBRID,22400,4,3930000
TOYOTA,Land Cruiser Prado,2021,PEARL,2700,Diesel,4000,6,17000000
TOYOTA,COROLLA CROSS,2021,PEARL,1800,Hybrid,6000,5,4950000
HONDA,CRV Non Hybrid,2020,BLACK,1800,Octean,42000,4.5,6200000
TOYOTA,PRIUS,2019,BEIGE,1800,Hybrid,6769,4.5,3300000
TOYOTA,AXIO Non-Hybrid,2020,WHITE,1500,Petrol,96355,4.5,2750000
TOYOTA,AXIO Non Hybrid,2019,PEARL,1500,Octean,8000,4,3100000
TOYOTA,AQUA,2019,WHITE,1500,HYBRID,79000,4,1850000
TOYOTA,ALLION A 15,2019,PEARL,1500,Petrol,23231,4.5,4030000
TOYOTA,PRIUS S TOURING,2019,PEARL,1800,HYBRID,29000,4,3500000
TOYOTA,FIELDER,2019,BLACK,1500,HYBRID,68528,4.5,2570000
TOYOTA,AXIO HYBRID,2019,WHITE,1500,HYBRID,55228,4,2480000
HONDA,GRACE HYBRID,2019,GRAY,1500,HYBRID,72076,4,2970000
TOYOTA,FIELDER,2018,BLACK,1500,HYBRID,93200,4,2150000
HONDA,INSIGHT,2019,PEARL,1500,HYBRID,71658,4.5,3750000
TOYOTA,VOXY HYBRID,2019,Unknown,1800,Hybrid,34047,3.5,3280000
TOYOTA,FIELDER HYBRID,2019,BLACK,1500,HYBRID,68528,4.5,2600000
TOYOTA,VOXY HYBRID,2022,BLACK,1800,HYBRID,24759,R,5000000
HONDA,INSIGHT,2020,GRAY,1500,HYBRID,102196,4,3600000
TOYOTA,ALLION,2019,BLACK,1500,OCTANE,50000,4.5,4300000
TOYOTA,C-HR,2019,Unknown,1800,HYBRID,29000,4.5,3500000
TOYOTA,AXIO HYBRID,2019,SILVER,1500,HYBRID,35182,4.5,2600000
TOYOTA,PRIUS,2020,Unknown,1800,Hybrid,14740,4.5,3550000
TOYOTA,COROLLA CROSS (HARDTOP),2021,Unknown,1800,Hybrid,19911,4.5,4750000
HONDA,CR-V,2019,PEARL,1490,PETROL,45930,4,5720000
TOYOTA,COROLLA CROSS (MOONROOF),2024,Unknown,1800,HYBRID,67,S,5710000
TOYOTA,COROLLA CROSS (MOONROOF),2024,PEARL,1800,HYBRID,4,S,5720000
TOYOTA,PRIUS,2019,PEARL,1800,HYBRID,59520,3,3020000
TOYOTA,PRIUS,2019,BLACK,1800,PETROL & HYBRID,7909,4,3030000
TOYOTA,COROLLA CROSS,2021,Unknown,1800,HYBRID,6000,4.5,4950000
TOYOTA,AXIO NON HYBRID,2019,PEARL,1500,OCTANE,8410,4.5,3350000
TOYOTA,AXIO NON HYBRID,2019,PEARL,1500,OCTANE,1000,5,3500000
TOYOTA,PRIUS,2019,PEARL,Unknown,33333,Unknown,"3,400,000 Taka",Unknown
TOYOTA,COROLLA CROSS (MOONROOF),2021,Unknown,1800,HYBRID,5265,6,5050000
TOYOTA,COROLLA CROSS (MOONROOF),2024,Unknown,1800,HYBRID,7,S,5700000
HONDA,CR-V,2022,Unknown,1500,NON_HYBRID,11060,6,6800000
TOYOTA,AXIO HYBRID,2019,SILVER,1500,HYBRID,29000,4,2650000
TOYOTA,FIELDER NON-HYBRID,2019,WHITE,1500,Octane,47000,4.5,2800000
TOYOTA,AXIO HYBRID,2019,BEIGE,1500,HYBRID,90000,3,2450000
TOYOTA,AQUA,2019,BEIGE,1500,HYBRID,90280,4,2150000
TOYOTA,PRIUS,2019,REDWINE,1800,HYBRID,45000,4.5,3350000
TOYOTA,Harrier Non-Hybrid,2021,PEARL,2000,Octane,29000,4.5,9000000
TOYOTA,ALLION,2019,PEARL,1500,OCTANE,23239,4.5,3900000
TOYOTA,AXIO HYBRID,2019,Silver,1500,Hybrid,48000,4,2350000
TOYOTA,PRIUS,2019,BEIGE,1800,Hybrid,42000,4,3200000
TOYOTA,PRIUS,2019,RED,1800,Hybrid,41000,4.5,3050000
TOYOTA,CROWN,2019,PEARL,2500,Hybrid,86000,4.5,7200000
TOYOTA,FIELDER NON-HYBRID,2019,Unknown,1500,Octane,26000,4,3250000
TOYOTA,ALPHARD,2019,PEARL,2500,Hybrid,50000,4.5,11000000
TOYOTA,COROLLA CROSS (MOONROOF),2022,WINE,1800,HYBRID,39266,4.5,5150000
TOYOTA,COROLLA CROSS (HARDTOP),2021,PEARL,1800,HYBRID,41980,4.5,4550000
TOYOTA,COROLLA CROSS MOONROOF,2024,PEARL,1799,HYBRID,3,S,5600000
TOYOTA,COROLLA CROSS (HARDTOP),2021,PEARL,1800,HYBRID,32199,4.5,4550000
TOYOTA,HIACE,2019,PEARL,2000,OCTANE,42000,4,4100000
HONDA,CR-V BROWN INTERIOR,2019,BLACK,1500,OCTANE,43595,4.5,5850000
TOYOTA,PREMIO,2021,Unknown,1500,OCTANE,46000,5,4800000
TOYOTA,COROLLA CROSS (MOONROOF),2023,PEARL,1800,HYBRID,3070,5,5300000
TOYOTA,COROLLA CROSS (HARDTOP),2021,PEARL,1800,HYBRID,18651,4.5,4600000
TOYOTA,COROLLA CROSS MOONROOF),2022,PEARL,1800,HYBRID,23000,3,4700000
TOYOTA,FIELDER,2019,Unknown,1500,HYBRID,73500,4.5,3000000
TOYOTA,NOAH,2019,PEARL,1800,OCTANE,145114,R,3350000
TOYOTA,PRIUS (SUNROOF),2019,PEARL,1800,HYBRID,49000,4,3650000
TOYOTA,PRIUS,2019,RED,1800,HYBRID,43536,4.5,3400000
TOYOTA,C-HR,2019,PEARL,1800,HYBRID,32000,4,3500000
TOYOTA,C-HR,2019,Unknown,1800,HYBRID,78000,4,3450000
TOYOTA,COROLLA CROSS,2022,PEARL,1800,HYBRID,23000,4.5,4750000
TOYOTA,G Mode Nero,2019,Unknown,1800,Hybrid,22000,4.5,3500000
HONDA,INSIGHT,2019,REDWINE,1800,HYBRID,85000,R,3500000
TOYOTA,YARIS CROSS,2021,Unknown,1500,HYBRID,42410,4.5,3850000
TOYOTA,COROLLA CROSS,2021,BLACK,1800,HYBRID,8336,5,4700000
TOYOTA,ALPHARD,2019,PEARL,2500,HYBRID,37153,4.5,11800000
TOYOTA,CROWN,2019,SILVER,2500,HYBRID,42000,4,7700000
COROLLA CROSS,Z LEATHER,2021,GRAY,1800,HYBRID,7400,4.5,5100000
TOYOTA,HARRIER,2020,BLACK,2500,HYBRID,38000,4,8600000
NISSAN,X-TRAIL,2019,BLACK,2000,HYBRID,21000,5,4700000
NISSAN,X-TRAIL,2019,BLACK,2000,HYBRID,28368,5,4800000
NISSAN,X-TRAIL,2019,PEARL,2000,HYBRID,21059,4.5,4800000
TOYOTA,LEXUS,2019,BEIGE,2500,OCTANE,14000,5,12000000
MITSUBISHI,OUTLANDER,2022,Unknown,2500,HYBRID,14000,5,11000000
TOYOTA,COROLLA CROSS,2022,PEARL,1800,Hybrid,23000,3.5,4700000
TOYOTA,AXIO,2019,SILVER,1500,HYBRID,54846,4.5,2750000
TOYOTA,COROLLA,2019,BLACK,1800,HYBRID,42000,4,3550000
TOYOTA,NOAH,2019,PEARL,1800,HYBRID,73000,4,3650000
TOYOTA,NOAH,2019,BLACK,1800,HYBRID,84869,4,3200000
TOYOTA,NOAH,2021,PEARL,1800,HYBRID,80998,4,3400000
TOYOTA,PREMIO,2020,BRONZE,1500,OCTANE,18000,4.5,4600000
TOYOTA,PREMIO,2021,WHITE,1500,OCTANE,23000,3,4050000
TOYOTA,PREMIO,2021,BRONZE,1500,OCTANE,14000,4.5,4750000
TOYOTA,ALLION,2019,BLACK,1500,OCTANE,10655,4,3950000
TOYOTA,ALLION,2019,PEARL,1500,OCTANE,9000,4,3950000
TOYOTA,FIELDER,2019,BLACK,1500,HYBRID,54000,4,2950000
TOYOTA,PRIUS,2019,PEARL,1800,84000,Unknown,"2,950,000 Taka",Unknown
TOYOTA,VOXY HYBRID,2020,BLACK,1800,HYBRID,44225,R,3500000
TOYOTA,VOXY HYBRID,2020,PEARL,1800,57858,4,"3,350,000 Taka",Unknown
TOYOTA,VOXY HYBRID,2019,PEARL,1800,HYBRID,82175,RA,3350000
TOYOTA,PRIUS,2019,RED,1800,HYBRID,41000,4,3200000
TOYOTA,PRIUS,2019,SILVER,1800,HYBRID,50000,4.5,3100000
TOYOTA,COROLLA,2020,Unknown,1800,HYBRID,45000,4,3200000
TOYOTA,PRIUS,2019,BLACK,1800,HYBRID,34000,4,3150000
TOYOTA,PRIUS,2019,SILVER,1800,HYBRID,68822,4,3200000
TOYOTA,ESQUIRE,2019,BLACK,1800,HYBRID,60288,R,3650000
TOYOTA,ESQUIRE,2019,PEARL,1800,HYBRID,18144,R,3450000
TOYOTA,AXIO HYBRID,2019,BLACK,1500,HYBRID,27500,4.5,2980000
TOYOTA,PRIUS,2019,PEARL,1800,HYBRID,89500,4.5,3200000
TOYOTA,PRIUS,2019,PEARL,1800,HYBRID,37780,4,3280000
TOYOTA,COROLLA CROSS,2024,PEARL,1800,HYBRID,5,S,5580000
TOYOTA,COROLLA CROSS,2024,WINE,1800,HYBRID,13,S,5600000
TOYOTA,COROLLA CROSS,2024,BLACK,1800,HYBRID,13,S,5600000
TOYOTA,COROLLA CROSS,2024,WINE,1800,HYBRID,4,S,5580000
HONDA,INSIGHT,2020,BLACK,1500,HYBRID,31071,4,3950000
HONDA,INSIGHT,2019,BLACK,1500,HYBRID,63151,4.5,3900000
TOYOTA,Corolla Hybrid,2019,BLACK,1800,Hybrid,42000,4,3550000
TOYOTA,ALLION,2019,SILVER,1500,OCTANE,20000,4,3600000
TOYOTA,COROLLA,2020,PEARL,1800,HYBRID,80000,4,2950000
TOYOTA,COROLLA,2020,PEARL,1800,HYBRID,80000,4,3250000
TOYOTA,PRIUS,2019,PEARL,1800,Hybrid,14060,5,3700000
HONDA,CR-V,2019,RED,2000,HYBRID,42000,4,5450000
TOYOTA,COROLLA CROSS,2022,BLACK,1800,Hybrid,14000,4.5,4750000
TOYOTA,CHR,2019,GRAY,1800,Hybrid,51347,4.5,3300000
TOYOTA,AXIO HYBRID,2019,PEARL,1500,Hybrid,37000,4,2950000
TOYOTA,HARRIER,2020,BLACK,2000,OCTANE,33061,5,9100000
TOYOTA,PRIUS,2019,BEIGE,1800,HYBRID,17646,4.5,3500000
TOYOTA,PRIUS,2019,PEARL,1800,HYBRID,44376,4.5,3500000
TOYOTA,HARRIER,2021,BLACK,2000,OCTANE,26000,4.5,8700000
TOYOTA,COROLLA CROSS,2021,PEARL,1800,Hybrid,14000,5,4700000
TOYOTA,COROLLA CROSS,2021,PEARL,Unknown,29000,5,"4,650,000 Taka",Unknown
HONDA,GRACE,2019,PEARL,1500,HYBRID,84000,4,2500000
HONDA,GRACE,2020,GRAY,1500,HYBRID,30000,4.5,3050000
HONDA,GRACE,2019,Unknown,1500,HYBRID,53481,4.5,3000000
HONDA,GRACE,2019,PEARL,1500,HYBRID,50789,4.5,2950000
TOYOTA,COROLLA HYBRID,2019,Unknown,1800,HYBRID,34000,4.5,3500000
HONDA,CIVIC,2019,PEARL,1500,Octen,38000,5,4000000
TOYOTA,COROLLA CROSS,2024,PEARL,1800,Hybrid,00,S,5550000
TOYOTA,COROLLA CROSS,2024,BLACK,1800,Hybrid,00,S,5550000
TOYOTA,RAV 4 WITH SUNROOF,2019,GRAY,2000,OCTANE,24000,5,8500000
TOYOTA,RAV 4 WITH SUNROOF,2019,PEARL,2000,OCTANE,41000,4.5,8000000
TOYOTA,COROLLA CROSS,2024,REDWINE,1800,Hybrid,8,S,5550000
TOYOTA,COROLLA CROSS,2021,BLACK,1800,HYBRID,46000,4,4500000
TOYOTA,FIELDER HYBRID,2019,REDWINE,1500,Hybrid,57000,4,3000000
TOYOTA,FIELDER HYBRID,2019,PEARL,1500,Hybrid,34000,4.5,3050000
TOYOTA,COROLLA CROSS,2023,BLACK,1800,Hybrid,18000,5,5250000
TOYOTA,Harrier Non-Hybrid,2020,PEARL,2000,Octen,25000,5,8700000
TOYOTA,COROLLA CROSS,2022,Unknown,1800,HYBRID,13656,4.5,5250000
TOYOTA,PRIUS,2019,RED,1800,HYBRID,11446,4.5,3450000
TOYOTA,C-HR,2019,Unknown,1800,HYBRID,17204,5,3800000
TOYOTA,AXIO HYBRID,2019,SILVER,1500,HYBRID,35301,4,2650000
TOYOTA,COROLLA CROSS,2023,BRONZE,1800,HYBRID,13990,4.5,5500003
TOYOTA,PRIUS,2019,SILVER,1800,HYBRID,25280,4,3550000
TOYOTA,COROLLA CROSS,2023,BRONZE,1800,Hybrid,13000,4.5,5400000
TOYOTA,PREMIO,2021,White,1500,Octen,23000,3,4000000
TOYOTA,Land Cruiser Prado,2021,PEARL,2700,Octen,28000,5,17500000
TOYOTA,PRIUS,2019,Beige,1800,Hybrid,31000,4.5,3100000
TOYOTA,COROLLA CROSS,2023,PEARL,1800,Hybrid,7,S,5300000
TOYOTA,Aqua,2019,PEARL,1500,Hybrid,60000,4,2450000
HONDA,CRV Non Hybrid,2019,PEARL,1500,Octen,40000,4,5600000
HONDA,GRACE,2018,RED,1500,Hybrid,32000,3,2600000
TOYOTA,Esquire Non-Hybrid,2019,Unknown,2000,Octen,27000,4.5,4250000
TOYOTA,AXIO HYBRID,2019,BRONZE,1500,HYBRID,11000,4,2950000
TOYOTA,ALLION,2019,SILVER,1500,OCTANE,15000,4,3950000
TOYOTA,ALLION,2019,BLACK,1500,OCTANE,30000,4,4100000
TOYOTA,PREMIO,2020,PEARL,1500,OCTANE,28000,4.5,4250000
HONDA,CRV NON HYBRD,2019,BLACK,1500,OCTANE,24000,4,5700000
TOYOTA,COROLLA CROSS,2022,Red,1800,Hybrid,8000,4.5,5250000
TOYOTA,COROLLA CROSS,2024,Unknown,1800,Hybrid,00,S,5900000
TOYOTA,COROLLA CROSS,2023,PEARL,Unknown,3000,Unknown,"5,200,000 Taka",Unknown
TOYOTA,PRIUS,2019,BEIGE,1800,HYBRID,9527,4,3200000
TOYOTA,YARIS CROSS,2020,Unknown,1500,HYBRID,24947,4.5,4000000
HONDA,CRV Hybrid,2019,Unknown,2000,Hybrid,29000,4.5,5900000
TOYOTA,COROLLA CROSS,2023,PEARL,1800,Hybrid,6000,5,5400000
TOYOTA,COROLLA CROSS,2022,PEARL,1800,5,10000,5,5200000
TOYOTA,COROLLA CROSS,2023,PEARL,1800,Hybrid,10000,5,5300000
TOYOTA,PRIUS,2019,GRAY,1800,HYBRID,9390,4.5,3300000
TOYOTA,PRIUS,2019,SILVER,1800,HYBRID,8993,4.5,3300001
TOYOTA,PRIUS,2019,PEARL,1800,HYBRID,37280,4.5,3300000
TOYOTA,COROLLA CROSS,2022,PEARL,1800,Hybrid,44000,4.5,4700000
TOYOTA,Corolla Hybrid,2020,PEARL,1800,Hybrid,38000,4,3600000
TOYOTA,AQUA,2019,SILVER,1500,Hybrid,25000,R,1950000
TOYOTA,PRIUS,2019,SILVER,1800,HYBRID,20073,4.5,3150000
TOYOTA,Allion,2019,Redwine,1500,Octane,12000,R,3900000
TOYOTA,NOAH,2019,Unknown,1800,HYBRID,34388,5,3850000
TOYOTA,FIELDER,2019,BLACK,1500,HYBRID,47696,4,2750000
TOYOTA,PRIUS,2019,SILVER,1800,Hybrid,23000,4,3250000
HONDA,CR-V,2019,Unknown,1500,HYBRID,34029,4.5,5600000
TOYOTA,PRIUS,2019,PEARL,1800,Hybrid,43000,4.5,3200000
TOYOTA,PRIUS,2019,SILVER,1800,Hybrid,41000,4,2950000
TOYOTA,PRIUS,2019,PEARL,1800,Hybrid,49000,4.5,3100000
TOYOTA,PRIUS,2019,SILVER,1800,Hybrid,38357,4.5,3200000
TOYOTA,COROLLA CROSS,2021,Unknown,1800,HYBRID,34818,4.5,4700000
TOYOTA,COROLLA CROSS,2021,PEARL,1800,HYBRID,34136,4.5,4700000
TOYOTA,COROLLA CROSS,2021,Unknown,1800,HYBRID,14073,5,5100000
TOYOTA,AXIO HYBRID,2019,WHITE,1500,HYBRID,29785,4.5,2650000
TOYOTA,PRIUS,2019,BLACK,1800,Hybrid,9000,4,3450000
TOYOTA,COROLLA CROSS,2021,PEARL,1800,Hybrid,25000,4.5,4800000
TOYOTA,COROLLA CROSS,2021,PEARL,1800,Hybrid,15544,5,4700000
TOYOTA,AXIO HYBRID,2019,WHITE,1500,HYBRID,29785,4.5,2650000
TOYOTA,COROLLA CROSS,2021,BLACK,1800,Hybrid,3800,5,4700000
TOYOTA,AXIO HYBRID,2019,WHITE,1500,HYBRID,14400,4.5,2650000
TOYOTA,AXIO HYBRID,2019,SILVER,1500,HYBRID,45030,4,2650000
TOYOTA,COROLLA CROSS,2024,RED,1800,Hybrid,46,S,5700000
TOYOTA,CHR,2019,PEARL,1800,Hybrid,28000,4.5,3750000
TOYOTA,COROLLA CROSS,2023,PEARL,1800,HYBRID,3500,5,5300000
TOYOTA,HARRIER GR SPORT’S,2023,PEARL,2500,HYBRID,1565,5,11200000
TOYOTA,HIACE,2019,BLACK,2000,OCTANE,90162,3.5,3900000
HONDA,INSIGHT,2019,BROWN,1500,HYBRID,79000,4.5,3750000
TOYOTA,PRIUS,2019,BEIGE,1800,Hybrid,41735,3,3000000
HONDA,VEZEL,2021,BEIGE,1500,HYBRID,21000,4.5,5000000
HONDA,INSIGHT,2019,GRAY,1500,Hybrid,58000,4,4050000
HONDA,CIVIC,2020,BLACK,1500,Octen,68000,4,4200000
HONDA,CRV Non Hybrid,2019,PEARL,1500,Octen,15000,4.5,6100000
HONDA,VEZEL,2021,PEARL,1500,HYBRID,2679,5,5150000
TOYOTA,PRIUS,2019,BEIGE,1800,HYBRID,21000,4,3300000
TOYOTA,PRIUS,2020,RED,1800,HYBRID,16000,4,3400000
TOYOTA,PRIUS,2020,RED,1800,HYBRID,32000,4.5,3500000
TOYOTA,PRIUS,2020,RED,1800,HYBRID,29000,4.5,3600000
HONDA,CR-V,2019,BLACK,1500,OCTANE,31455,4.5,6700000
MITSUBISHI,OUTLANDER,2022,Unknown,2400,HYBRID,14000,5,11000000
TOYOTA,COROLLA CROSS,2022,SILVER,1800,Hybrid,4500,R,4700000
HONDA,GRACE,2018,RED,1500,OCTANE,32000,3,2600000
TOYOTA,C-HR,2018,PEARL,1800,HYBRID,73000,4.5,3350000
TOYOTA,C-HR,2018,BLACK,1800,HYBRID,54000,4,3300000
TOYOTA,FIELDER,2019,BLUE,1500,Hybrid,89354,3.5,2600000
TOYOTA,RAV 4,2019,PEARL,2500,HYBRID,51427,4.5,6800000
TOYOTA,AXIO,2018,SILVER,1500,HYBRID,18000,4,2580000
TOYOTA,AXIO,2019,SILVER,1500,OCTANE,108000,4,2550000
TOYOTA,AXIO,2019,PEARL,1500,OCTANE,24000,4.5,2950000
LEXUS,ES300H VERSION L,2020,REDWINE,2500,OCTANE,11827,4,10500000
TOYOTA,PRIUS,2018,BEIGE,1800,HYBRID,83000,4,2750000
TOYOTA,PRIUS,2019,WINE,1800,HYBRID,49000,4,3500000
TOYOTA,COROLLA,2019,PEARL,1800,HYBRID,60000,4,3000000
TOYOTA,PRIUS,2019,BLACK,1800,Hybrid,44000,4,3250000
TOYOTA,CROWN,2018,BLACK,2499,HYBRID,50571,4.5,11000000
TOYOTA,FIELDER,2018,WHITE,1500,HYBRID,67000,R,2300000
TOYOTA,FIELDER,2018,BLACK,1500,HYBRID,108000,4,2500000
TOYOTA,ESQUIRE,2019,BLACK,1800,HYBRID,69000,3.5,3600000
TOYOTA,PRIUS,2020,Unknown,1800,Hybrid,51000,3.5,3800000
TOYOTA,ESQUIRE,2019,Unknown,1800,HYBRID,24000,4,4000000
TOYOTA,ESQUIRE,2019,PEARL,1800,HYBRID,53000,3.5,4050000
TOYOTA,ESQUIRE,2020,BLACK,1800,OCTANE,56000,4,4250000
TOYOTA,COROLLA,2020,PEARL,1800,HYBRID,38000,4,3600000
TOYOTA,COROLLA CROSS,2023,PEARL,1800,HYBRID,1076,5,5700000
TOYOTA,NOAH,2018,PEARL,1800,HYBRID,121000,3.5,3500000
TOYOTA,PREMIO,2020,PEARL,1500,OCTANE,24377,4.5,4400000
TOYOTA,C-HR,2019,PEARL,1800,HYBRID,28000,4.5,3700000
TOYOTA,NOAH,2018,SILVER,1800,HYBRID,90000,4,300000
TOYOTA,PREMIO,2018,WHITE,1500,OCTANE,84000,4,3400000
TOYOTA,PREMIO,2018,SILVER,1500,OCTANE,78000,4,3600000
TOYOTA,PREMIO,2018,WHITE,1500,OCTANE,77000,4,3600000
TOYOTA,PREMIO,2020,SILVER,1500,Petrol,31000,4,3650000
TOYOTA,PREMIO,2018,Unknown,1500,OCTANE,24000,4.5,3950000
TOYOTA,FIELDER,2019,BLACK,1500,Hybrid,70000,4,2800000
TOYOTA,PREMIO,2019,REDWINE,1500,OCTANE,30000,4.5,4200000
TOYOTA,PREMIO,2019,REDWINE,1500,OCTANE,29000,4,4100000
TOYOTA,PREMIO,2020,BLACK,1500,OCTANE,22000,4,4100000
TOYOTA,PREMIO,2020,PEARL,1500,OCTANE,38000,AUTO,4250000
TOYOTA,PREMIO,2020,WHITE,1500,OCTANE,27000,4.5,3500000
TOYOTA,AXIO Non-Hybrid,2020,BLACK,1500,Hybrid,73000,4.5,3050000
TOYOTA,ALLION A 15,2020,REDWINE,1500,OCTANE,14000,4,4100000
NISSAN,X-TRAIL,2019,GRAY,2000,HYBRID,33000,4.5,4400000
HONDA,CIVIC,2019,RED,1500,OCTANE,88000,4,3700000
HONDA,CR-V,2020,PEARL,1500,OCTANE,28000,4,6450000
TOYOTA,HARRIER,2019,BLACK,2000,OCTANE,24000,5,7500000
TOYOTA,HARRIER,2019,PEARL,2000,Octane,42000,4,7600000
TOYOTA,HARRIER,2020,PEARL,2000,Petrol,27000,4,8000000
TOYOTA,COROLLA CROSS,2021,PEARL,1800,HYBRID,9000,5,5500000
TOYOTA,COROLLA CROSS,2021,BLACK,1800,HYBRID,20000,4.5,5300000
TOYOTA,HARRIER,2020,PEARL,2500,HYBRID,30270,4.5,8700000
TOYOTA,HARRIER,2021,PEARL,2000,PETROL,48968,5,9600000
TOYOTA,CHR,2019,BLACK,1800,Hybrid,48251,4,3550000
TOYOTA,PRIUS,2019,BLUE,1800,HYBRID,22040,4.5,3450000
TOYOTA,PRIUS,2019,SILVER,1800,HYBRID,20000,4.5,3200000
TOYOTA,PRIUS,2019,BEIGE,1800,HYBRID,39052,4,3500000
TOYOTA,PREMIO,2019,WINE,1500,OCTANE,31273,4.5,4100000
TOYOTA,ESQUIRE,2018,PEARL,1800,Hybrid,64955,3.5,3400000
TOYOTA,FIELDER,2019,BLACK,1500,HYBRID,47696,4,2750000
TOYOTA,COROLLA CROSS,2021,BRONZE,1800,HYBRID,23862,5,5200000
TOYOTA,COROLLA,2019,Unknown,1800,HYBRID,37991,4.5,3600000
TOYOTA,COROLLA,2019,GRAY,1500,HYBRID,20550,4,3350000
TOYOTA,Allion,2019,Unknown,1500,HYBRID,12829,4.5,4250000
TOYOTA,YARIS CROSS,2020,Unknown,1500,Petrol,78000,4.5,3900000
TOYOTA,AQUA,2019,WHITE,1500,Petrol,80000,3.5,1850000
TOYOTA,ALLION,2019,PEARL,1500,Petrol,23000,4.5,Unknown
TOYOTA,HARRIER,2019,PEARL,2000,Petrol,31000,4.5,Unknown
TOYOTA,ALLION,2021,Unknown,1500,GASOLIN,13334,4.5,4350000
LEXUS,NX300H,2020,WINE,2500,Petrol,33644,4,Unknown
TOYOTA,ALLION,2020,Unknown,1500,GASOLIN,46070,4.5,4349998
TOYOTA,PREMIO,2019,PEARL,1500,GASOLIN,19340,5,4200000
TOYOTA,AXIO,2019,Unknown,1500,HYBRID,6136,R,3300000
TOYOTA,Land Cruiser Prado,2021,PEARL,2700,Petrol,13000,5,Unknown
TOYOTA,AXIO,2019,Unknown,1500,HYBRID,7883,AT,3300000
TOYOTA,AXIO,2019,Unknown,1500,HYBRID,1900,3.5,3400000
TOYOTA,AXIO,2019,Unknown,1500,HYBRID,16446,4,3450000
TOYOTA,Axio,2019,PEARL,1500,HYBRID,24000,4.5,3350000
LEXUS,NX300H,2018,PEARL,2500,Petrol,50000,4,Unknown
TOYOTA,AXIO HYBRID,2019,WHITE,1800,Petrol,62000,4.5,2550000
TOYOTA,AXIO HYBRID,2019,SILVER,1800,Petrol,75000,4,2500000
TOYOTA,PRIUS,2019,BLACK,1800,OCTANE,9000,4,3600000
TOYOTA,PRIUS,2019,PEARL,1800,OCTANE,34000,4.5,3550000
TOYOTA,PRIUS,2019,RED,1800,Petrol,25000,4.5,3250000
TOYOTA,AXIO HYBRID,2018,SILVER,1800,Petrol,64000,4,2300000
TOYOTA,AXIO HYBRID,2018,SILVER,1500,Petrol,67000,4,2510000
TOYOTA,YARIS CROSS,2020,BLACK,1498,Octen,16000,4,3950000
TOYOTA,CHR,2018,WINE,1800,Petrol,67000,3.5,3250000
TOYOTA,CHR,2018,Unknown,1800,58000,4,"3,300,000 Taka",Unknown
HONDA,INSIGHT,2019,PEARL,1500,Petrol,57000,4,4000000
TOYOTA,AQUA,2019,RED,1500,OCTAIN,45000,R,2000000
TOYOTA,ESQUIRE GI PREMIUM,2019,BLACK,1800,Petrol,61000,3.5,3500000
HONDA,CRV Hybrid,2019,Unknown,2000,Petrol,44000,4,5900000
HONDA,CRV Non Hybrid,2019,PEARL,1500,Petrol,12000,4.5,5900000
TOYOTA,COROLLA CROSS,2021,PEARL,1800,Petrol,33000,4.5,5200000
TOYOTA,VOXY HYBRID,2018,PEARL,1800,OCTAIN,37500,4.5,3250000
HONDA,CIVIC,2019,RED,1500,Petrol,88000,4,3700000
HONDA,GRACE,2018,RED,1500,Petrol,5000,4.5,2850000
TOYOTA,Land Cruiser Prado,2019,PEARL,2700,Petrol,15850,5,16000000
TOYOTA,Noah Non Hybrid,2018,PEARL,2000,Petrol,65000,4.5,4000000
TOYOTA,Esquire Hybrid,2019,Unknown,1800,Petrol,27000,4.5,3800000
TOYOTA,Esquire Hybrid,2019,BLACK,1800,Petrol,43000,4.5,4000000
TOYOTA,CHR,2018,PEARL,1800,Petrol,23600,4.5,3300000
TOYOTA,COROLLA CROSS,2024,Unknown,1800,HYBRID,0,S,6200000
TOYOTA,PRIUS,2019,GRAY,1800,Petrol,57000,4.5,3150000
TOYOTA,PRIUS,2019,WHITE,1800,Petrol,50000,4.5,2900000
TOYOTA,PRIUS S TOURING,2020,RED,1800,OCTAIN,29000,4.5,3500000
Toyota,Prius,2019,Red,1800,Petrol,19000,AT,3300000
TOYOTA,PRIUS S TOURING,2020,RED,1800,OCTAIN,32000,4.5,3500000
TOYOTA,PRIUS,2019,BEIGE,1800,Petrol,19000,4.5,3300000
TOYOTA,COROLLA CROSS,2024,Unknown,1800,HYBRID,0,S,6200000
TOYOTA,COROLLA CROSS,2024,Unknown,1800,HYBRID,0,S,6200000
TOYOTA,COROLLA CROSS,2024,Unknown,1800,HYBRID,0,S,6200000
TOYOTA,COROLLA CROSS,2024,Unknown,1800,HYBRID,0,S,6200000
TOYOTA,PRIUS S,2019,PEARL,1800,HYBRID,46000,4.5,3300000
TOYOTA,PRIUS A Touring Premium Selection,2019,PEARL,1800,HYBRID,45000,4.5,3500000
TOYOTA,COROLLA CROSS,2023,PEARL,1800,HYBRID,0,S,5550000
TOYOTA,AXIO HYBRID,2018,SILVER,1500,HYBRIDE,67000,4,2300000
TOYOTA,HARRIER Hybrid,2020,PEARL,2500,HYBRID,13000,5,8400000
TOYOTA,PRIUS S Safety PLUS,2019,BEIGE,Unknown,5,Unknown,Sold Out,
TOYOTA,PRIUS S Safety PLUS,2019,BEIGE,1800,HYBRDE,23000,4.5,3300000
TOYOTA,PRIUS S Safety PLUS,2019,WHITE,1800,HYBRID,17000,4,3000000
TOYOTA,S SAFETY SENSE,2019,RED,1800,HYBRID,9000,4.5,3300000
NISSAN,X-Trail HYBRID 20XI 2WD,2018,BLACK,2000,HYBRID,30000,4.5,4650000
TOYOTA,HARRIER Z LEATHER,PEARL,Unknown,Unknown,"8,600,000 Taka",Unknown,,
TOYOTA,ALLION,2020,REDWINE,1500,NON HYBRID,41400,4.5,4050000
TOYOTA,COROLLA CROSS,2021,Unknown,1800,HYBRID,7094,4.5,4950000
TOYOTA,COROLLA CROSS,2022,BLACK,1800,HYBRID,19300,4.5,4950000
TOYOTA,COROLLA CROSS,2023,BRONZE,1800,HYBRID,0,S,5700000
HONDA,INSIGHT,2019,Unknown,1500,HYBRID,44000,4,4100000
TOYOTA,Prius S,2019,RED,1800,HYBRID,27000,4.5,3250000
TOYOTA,PRIUS S Safety PLUS,2018,SILVER,1800,HYBRID,57000,4.5,2800000
TOYOTA,PRIUS S Safety PLUS,2018,PEARL,1800,HYBRID,50000,4.5,2800000
TOYOTA,PRIUS S Safety PLUS,2018,BEIGE,1800,HYBRID,42000,4.5,2800000
TOYOTA,PRIUS S Safety PLUS,2018,BEIGE,1800,HYBRID,31000,4,2850000
TOYOTA,PRIUS S Safety PLUS,2018,Unknown,1800,HYBRID,45000,4.5,3000000
TOYOTA,PRIUS S,2019,SILVER,1800,HYBRID,48000,S,3100000
TOYOTA,PRIUS A Touring Premium Selection,2019,RED,1800,HYBRID,44000,4.5,360000
TOYOTA,S Touring with Modellista Bodykit,2019,GRAY,1800,HYBRID,26000,4.5,3400000
TOYOTA,HARRIER,2018,PEARL,2000,GASOLINE,47209,4,6900000
TOYOTA,C-HR,2018,TWIN,1800,HYBRID,52,4.5,3200000
TOYOTA,Toyota Sienta,2018,BLACK,1500,Hybrid,59000,4.5,2650000
TOYOTA,AXIO,2019,WHITE,1500,HYRBRID,64000,4,2600000
TOYOTA,AXIO,2018,WHITE,1500,HYBRID,102000,4,2350000
TOYOTA,AXIO,2018,WHITE,1500,HYRBRID,74000,4,2450000
TOYOTA,AXIO,2018,SILVER,1500,HYBRID,18000,4,2580000
TOYOTA,AXIO,2018,SILVER,1500,GASOLINE,39000,3.5,2650000
TOYOTA,ALLION A 15,2018,SILVER,1500,GASOLINE,69000,4,3150000
TOYOTA,ALLION A15,2018,WINE,1500,GASOLINE,51000,4,3650000
TOYOTA,Allion A15,2018,SILVER,1500,GASOLINE,13000,4.5,3580000
TOYOTA,ALLION A15,2018,BLACK,1500,GASOLINE,27000,4.5,3600000
TOYOTA,ALLION A 15,2020,WINE,1500,GASOLINE,14000,4,4100000
NISSAN,X-TRAIL,2019,GRAY,2000,HYBRID,33000,4.5,4500000
NISSAN,X-TRAIL,2018,WINE,2000,HYBRID,57000,4,3750000
TOYOTA,HARRIER,2019,PEARL,2000,GASOLINE,42000,4,7900000
TOYOTA,COROLLA CROSS,2021,PEARL,1800,HYBRID,9000,5,5700000
TOYOTA,COROLLA CROSS,2021,BLACK,1800,HYBRID,28895,4.5,5450000
TOYOTA,HARRIER,2020,PEARL,2500,HYBRID,30270,4.5,9200000
TOYOTA,Esquire GI Non Hybrid,2018,Unknown,2000,HYBRID,143115,R,4000000
TOYOTA,COROLLA CROSS,2021,PEARL,1500,HYBRID,28000,4,4900000
TOYOTA,AXIO HYBRID,2018,SILVER,1500,HYBRID,32800,4,2300000
TOYOTA,COROLLA CROSS,2023,Unknown,1800,0004,Unknown,"5,700,000 Taka",Unknown
TOYOTA,YARIS CROSS,2020,REDWINE,1500,HYBRID,32000,4,4100000
HONDA,CR-V,2018,PEARL,1500,OCTANCE,35000,5,5600000
TOYOTA,C-HR,2018,REDWINE,1800,HYBRID,48000,4.5,3350000
TOYOTA,C-HR,2018,GRAY,1800,HYBRID,28500,5,3300000
TOYOTA,AXIO Non Hybrid,2018,SILVER,1500,OCTANCE,32400,4,2600000
LEXUS,RX300,2018,BLACK,2000,OCTANE,36000,4.5,11000000
HONDA,GRACE LX,2019,SILVER,1500,OCTANE,7000,4,3050000
TOYOTA,PREMIO,2018,PEARL,1500,OCTANE,42000,4.5,3900000
TOYOTA,PREMIO FEX,2019,PEARL,1500,OCTANE,18000,4,4000000
TOYOTA,PREMIO FEX,2020,PEARL,1500,OCTANE,23000,5,4200000
TOYOTA,COROLLA CROSS,2021,BLACK,1800,HYBRID,15000,4.5,5000000
TOYOTA,COROLLA CROSS,2021,BLACK,1800,HYBRID,9000,5,5500000
TOYOTA,PRIUS A PREMIUM,2019,GRAY,1800,HYBRID,64000,4,3450000
TOYOTA,COROLLA CROSS,2021,BLACK,1800,HYBRID,45000,4.5,4850000
TOYOTA,COROLLA CROSS,2021,BLACK,1800,HYBRID,28000,4,5050000
TOYOTA,COROLLA CROSS,2021,Unknown,1800,HYBRID,17000,4,5050000
TOYOTA,YARIS CROSS,2021,PEARL,1500,HYBRID,4041,5,4500000
TOYOTA,PRIUS A TOURING,2019,Unknown,1800,HYBRID,25912,4.5,3500000
TOYOTA,PRIUS A TOURING,2019,Unknown,1800,HYBRID,10235,4.5,3500000
TOYOTA,PREMIO,2018,SILVER,1500,OCTANE,14385,4.5,3450000
TOYOTA,ALLION,2019,SILVER,1500,OCTANE,34830,5,3500000
TOYOTA,COROLLA CROSS,2021,Unknown,1800,HYBRID,2000,4.5,5700000
TOYOTA,COROLLA CROSS,2021,BLACK,1800,HYBRID,26000,4.5,5100000
TOYOTA,COROLLA CROSS,2021,BLACK,1800,HYBRID,7000,5,5100000
TOYOTA,ESQUIRE,2018,BRONZE,1800,HYBRID,91700,4.5,3750000
TOYOTA,ESQUIRE GI PREMIUM,2018,Unknown,1800,HYBRID,57000,4.5,3850000
HONDA,CR-V,2020,BLACK,1500,OCTANE,29000,4.5,6500000
TOYOTA,AXIO,2018,WHTE,1500,OCTANE,87600,4,25800000
TOYOTA,COROLLA CROSS,2023,PEARL,1800,HYBRID,2500,6,5800000
TOYOTA,PREMIO FEX,2020,PEARL,1500,OCTANE,12000,4.5,4200000
HONDA,INSIGHT,2019,BLACK,1500,HYBRID,44000,4,4300000
TOYOTA,CHR G LED,2019,Unknown,1800,HYBRID,27800,4.5,3700000
TOYOTA,PRIUS A TOURING,2019,BEIGE,1800,HYBRID,17000,4.5,3700000
TOYOTA,PRIUS A TOURING,2019,RED,1800,HYBRID,16000,4,3750000
TOYOTA,COROLLA CROSS,2021,PEARL,1800,HYBRID,15000,5,5100000
TOYOTA,COROLLA CROSS,2021,PEARL,1800,HYBRID,50000,4.5,4900000
TOYOTA,PRIUS A PREMIUM,2018,RED,1800,HYBRID,35000,4,3550000
TOYOTA,FIELDER HYBRID,2018,WHITE,1500,HYBRID,65600,4,25800000
TOYOTA,AXIO HYBRID,2018,SILVER,1500,HYBRID,84000,4,2300000
TOYOTA,PRIUS S,5,SILVER,1800,HYBRID,34000,4.5,3250000
TOYOTA,PRIUS,2018,RED,1800,HYBRID,58800,4.5,3200000
HONDA,INSIGHT,2019,PEARL,1500,HYBRID,38425,4.5,4300000
TOYOTA,PRIUS A TOURING,1800,BEIGE,1800,HYBRID,32000,4.5,3400000
TOYOTA,PRIUS A TOURING,2019,GRAY,1800,HYBRID,48000,4,3400000
TOYOTA,PRIUS S Safety PLUS,2018,PEARL,1800,HYBRID,29000,4.5,3200000
TOYOTA,PRIUS S Safety PLUS,2018,BLACK,1800,HYBRID,16000,4.5,3200000
TOYOTA,PRIUS S Safety PLUS,2018,BEIGE,1800,HYBRID,18000,4.5,3100000
TOYOTA,AXIO HYBRID,2018,BRONZE,1500,HYBRID,9000,5,3000000
TOYOTA,AXIO HYBRID,2018,SILVER,1500,HYBRID,27000,4,2600000
TOYOTA,COROLLA CROSS,2022,BLUE,1800,HYBRID,9800,5,5200000
NISSAN,X-Trail HYBRID,2018,BLACK,2000,HYBRID,43000,4,5100000
NISSAN,X-Trail HYBRID,2018,Unknown,2000,HYBRID,61000,4,4300000
MAZDA,AXELA,2018,RED,1500,OCTANE,55000,4.5,3200000
TOYOTA,COROLLA CROSS,2021,PEARL,1800,HYBRID,20000,5,5050000
TOYOTA,COROLLA CROSS,2023,PEARL,1800,HYBRID,2,S,6000000
TOYOTA,PRIUS S,2018,BLACK,1800,HYBRID,53000,4,3250000
TOYOTA,PRIUS S TOURING,2018,PEARL,1800,HYBRID,31000,3.5,3400000
TOYOTA,NOAH HYBRID G NEW SHAPE,2018,Unknown,1800,HYBRID,101000,4,3400000
TOYOTA,NOAH HYBRID G NEW SHAPE,2018,PEARL,1800,HYBRID,81000,4.5,3550000
HONDA,GRACE,2020,GRAY,1500,HYBRID,Unknown,"2,950,000 Taka",Unknown
TOYOTA,HARRIER,2017,Unknown,2000,OCTANE,119000,4,7200000
TOYOTA,AQUA,2017,Unknown,1500,HYBRID,97000,4,1930000
TOYOTA,ALLION,2019,REDWINE,1500,OCTANE,50000,4.5,4100000
TOYOTA,PREMIO,2019,REDWINE,1500,OCTANCE,28000,5,4450000
TOYOTA,PRIUS S,2018,BLUE,1800,HYBRID,85600,3.5,3050000
HONDA,CR-V,2018,PEARL,1500,OCTANE,12000,5,6100000
HONDA,GRACE HYBRID,2019,Unknown,1500,HYBRID,23700,4,3000000
HONDA,GRACE HYBRID,2019,RED,1500,HYBRID,11000,4,3000000
TOYOTA,PRIUS A TOURING,2018,RED,1800,HYBRID,19000,3.5,3500000
TOYOTA,COROLLA,2019,Unknown,1800,HYBRID,34500,4.5,3800000
TOYOTA,COROLLA,2019,SILVER,1800,HYBRID,20900,4.5,3550000
TOYOTA,AXIO HYBRID,2018,SILVER,1500,HYBRID,49000,4,2600000
TOYOTA,AXIO HYBRID,2018,WHITE,1500,HYBRID,33000,4,2600000
TOYOTA,COROLLA CROSS,2021,PEARL,1800,HYBRID,17000,6,5800000
TOYOTA,FIELDER HV  G WXB,2018,BLACK,1500,HYBRID,40000,4,3000000
TOYOTA,PREMIO FEX,2020,BRONZE,1500,OCTANE,17000,4.5,4600000
HONDA,VEZEL HYBRID,2017,RED,1500,HYBRID,46000,R,3150000
NISSAN,X-Trail HYBRID,2017,BLACK,2000,HYBRID,99000,3.5,4000000
TOYOTA,PRIUS,2019,RED,1800,HYBRID,44000,4,3900000
TOYOTA,C-HR,2018,REDWINE,1800,Hybrid,20800,4.5,3650000
TOYOTA,C-HR,2018,Unknown,1800,Hybrid,8000,4.5,3650000
TOYOTA,C-HR,2018,GRAY,1800,Hybrid,22000,4.5,3550000
Toyota,C-HR,2018,Unknown,1800,Hybrid,27000,4.5,3650000
HONDA,CR-V,2018,Unknown,1500,Gassoline,35000,4.5,5800000
TOYOTA,PRIUS,2018,Black,1800,Hybrid,53000,4,3300000
TOYOTA,FIELDER HV  G WXB,2018,Pearl,1500,Hybrid,30000,4.5,3100000
TOYOTA,CHR G LED,2018,REDWINE,1800,Hybrid,21000,4.5,3650000
TOYOTA,PRIUS S Safety PLUS,2018,Silver,1800,Hybrid,38000,4.5,3050000
TOYOTA,LandCruiser Prado,2019,BLACK,2700,17500,5,N/A,Unknown
TOYOTA,HARRIER,2017,Unknown,2000,84200,Unknown,N/A,Unknown
TOYOTA,FIELDER HYBRID,2017,SILVER,1500,89500,Unknown,N/A,Unknown
MAZDA,CX3,2017,Unknown,1500,DISEL,61600,4,Unknown
TOYOTA,SIENTA,2017,BLACK,1500,88000,Unknown,N/A,Unknown
HONDA,CR-V,2019,BLACK,1500,41200,4,N/A,Unknown
NISSAN,X-Trail HYBRID,2017,PEARL,2000,81100,Unknown,N/A,Unknown
HONDA,INSIGHT,2019,PEARL,1500,HYBRID,45000,4.5,4500000
HONDA,CR-V,2019,BLACK,1500,41000,4,N/A,Unknown
TOYOTA,X-NOAH NEW SHAPE,2017,BLACK,1800,65200,Unknown,N/A,Unknown
TOYOTA,ALLION,2017,SILVER,1500,16500,Unknown,N/A,Unknown
TOYOTA,PREMIO,2019,PEARL,1500,7600,Unknown,N/A,Unknown
TOYOTA,PREMIO,2019,BLACK,1500,104200,4,N/A,Unknown
NISSAN,X-Trail - Sunroof,2017,PEARL,2000,59200,4,N/A,Unknown
TOYOTA,PRIUS,2017,BLACK,1800,128300,4,N/A,Unknown
TOYOTA,ALLION,2017,REDWINE,1500,24300,4,N/A,Unknown
TOYOTA,PREMIO,2017,Unknown,1500,9500,Unknown,N/A,Unknown
TOYOTA,CHR,2017,PEARL,1800,17000,Unknown,N/A,Unknown
TOYOTA,CHR,2017,REDWINE,1800,HYBRID,32000,4.5,3100000
MAZDA,AXELA,2017,GREY,1500,4,66000,4,2650000
TOYOTA,PRIUS S Safety Plus,2017,SILVER,1800,PETROL HYBRID,31580,4,2750000
NISSAN,TEKNA,2023,Unknown,1500,PETROL HYBRID,00,5,8500000
HONDA,CIVIC,2017,RED,1500,PETROL,34000,4,3800000
HONDA,VEZEL HYBRID,2017,BLACK,1500,PETROL HYBRID,34000,4.5,3100000
TOYOTA,CHR,2017,Unknown,1800,PETROL HYBRID,31700,4.5,3200000
TOYOTA,PRIUS S Safety,2017,PEARL,1800,PETROL HYBRID,36000,4,2850000
TOYOTA,YARIS CROSS,2022,PEARL,1500,PETROL HYBRID,0031,6,4100000
TOYOTA,PRIUS,2017,BLUE,1800,PETROL HYBRID,38000,4,2750000
TOYOTA,AQUA,2017,SILVER,1500,PETROL HYBRID,71000,4,1850000
NISSAN,X-TRAIL,2018,BLACK,2000,PETROL HYBRID,56000,4.5,5000000
TOYOTA,CHR,2017,PEARL,1800,PETROL HYBRID,31400,5,3200000
TOYOTA,PRIUS,2017,GREY,1800,PETROL HYBRID,48000,4,2950000
TOYOTA,PRIUS S Safety,2017,BEIGE,1800,PETROL HYBRID,15000,4,2850000
TOYOTA,AXIO HYBRID,2017,WHITE,1500,HYBRID,53000,4,2250000
TOYOTA,AXIO HYBRID,2017,WHITE,1500,HYBRID,41800,4,2250000
TOYOTA,AXIO HYBRID,2017,SILVER,1500,PETROL,35000,4,2250000
TOYOTA,FIELDER HYBRID X,2017,WHITE,1500,Gasoline+Hybrid,49735,4,Unknown
TOYOTA,PREMIO FEX,2019,BLACK,1500,PETROL,10000,5,4250000
NISSAN,X-Trail HYBRID 20XI 2WD,2018,BROWN,2000,Gasoline+Hybrid,19229,4,4300000
TOYOTA,PRIUS ALPHA S TUNE BLACK 2,2018,SILVER,1800,Gasoline+Hybrid,30000,4.5,3450000
TOYOTA,NOAH HYBRID G NEW SHAPE,2017,BROWN,1800,Gasoline+Hybrid,38000,4,3200000
TOYOTA,PRIUS S Safety,2017,BEIGE,1800,Gasoline+Hybrid,66000,4,Unknown
TOYOTA,PRIUS S Safety,2017,BLACK,1800,HYBRID,63000,4,Unknown
TOYOTA,PRIUS S Safety,2017,BEIGE,1800,HYBRID,47500,4,Unknown
TOYOTA,PRIUS S,2017,PEARL,1800,HYBRID,54900,4,Unknown
TOYOTA,PRIUS S,2017,SILVER,1800,Gasoline+Hybrid,55200,4,Unknown
TOYOTA,FIELDER AERO TOURER PACKAGE,RED,Unknown,Unknown,57000,4,N/A,Unknown
NISSAN,X-Trail - Sunroof,2017,Pearl,2000,HYBRID,58000,4,4400000
TOYOTA,HARRIER PROGRESS METAL LEATHER PACKAGE,BLACK,Unknown,1100,4.5,Unknown,Sold Out,
TOYOTA,PRIUS S Safety,2017,PEARL,1800,Gasoline+Hybrid,51355,4,Unknown
TOYOTA,PRIUS S Safety PLUS,2017,SILVER,1800,Gasoline+Hybrid,56187,4,Unknown
TOYOTA,PRIUS S,2017,White,1800,Gasoline+Hybrid,41500,4,Unknown
TOYOTA,HARRIER PROGRESS METAL LEATHER PACKAGE,2017,BLACK,2500,HYBRID,33000,5,6350000
TOYOTA,HARRIER PREMIUM METAL LEATHER,2019,BLACK,2000,Gasoline,46000,5,7300000
TOYOTA,LandCruiser Prado,2019,BLACK,2700,Gasoline,37000,4,13200000
TOYOTA,AXIO HYBRID,2017,WHITE,1500,Gasoline+Hybrid,29000,4,2250000
TOYOTA,ALLION,2017,BLACK,1500,Gasoline,35000,4,3450000
TOYOTA,ALLION,2017,SILVER,1500,38000,Unknown,"2,990,000 Taka",Unknown
TOYOTA,PREMIO FEX,Pearl,Unknown,Unknown,19000,4,"3,550,000 Taka",Unknown
TOYOTA,PREMIO,2021,BLACK,1500,Gasoline,21000,4.5,4200000
TOYOTA,PRIUS S Safety PLUS,2017,BEIGE,1800,HYBRID,11335,4.5,2600000
HONDA,GRACE HYBRID LX,2017,Unknown,1500,Gasoline,14900,4.5,2250000
HONDA,VEZEL,2017,RED,1500,Gasoline,52000,4.5,3050000
TOYOTA,PRIUS,2017,SILVER,1800,44500,4,"2,500,000 Taka",Unknown
TOYOTA,PRIUS,2017,REDWINE,1800,Gasoline+Hybrid,15000,4,2900000
HONDA,GRACE LX,2017,PEARL,1500,Gasoline,22500,3.5,2400000
TOYOTA,HAICE,2017,WHITE,2000,Gasoline,92000,3.5,2530000
Toyota,C-HR,2017,GREY,1800,Gasoline+Hybrid,22000,4,2950000
TOYOTA,AXIO HYBRID,2017,SILVER,1500,Gasoline+Hybrid,65600,4.5,2350000
TOYOTA,AXIO HYBRID,2017,WHITE,1500,GASOLINE,44000,3.5,2300000
TOYOTA,AQUA,2017,WHITE,1500,Gasoline,5100,4,1700000
TOYOTA,CHR,2017,PEARL,1800,HYBRID,47800,4,3150000
TOYOTA,FIELDER,2017,Black,1500,Gasoline+Hybrid,51000,4,2050000
TOYOTA,AQUA,2017,GREY,Unknown,51000,4,"1,750,000 Taka",Unknown
Toyota,PRIUS,2017,PEARL,1800,Gasoline+Hybrid,25000,4,2750000
𝐓𝐎𝐘𝐎𝐓𝐀,𝐏𝐑𝐈𝐔𝐒,2017,BEIGE,1800,Gasoline+Hybrid,30700,4.5,2700000
TOYOTA,PRIUS S Safety,2016,Beige,1800,Gasoline+Hybrid,42000,4,2400000
TOYOTA,AXIO HYBRID,2016,WHITE,1500,Gasoline+Hybrid,59979,RA,1850000
TOYOTA,AXIO HYBRID,2016,SILVER,1500,HYBRID,46738,R,1850000
TOYOTA,AXIO HYBRID,2016,SILVER,1500,Gasoline+Hybrid,44678,3.5,1850000
TOYOTA,AXIO HYBRID,2016,WHITE,1500,Gasoline+Hybrid,37000,4,1900000
TOYOTA,PREMIO,2016,REDWINE,1500,Gasoline,26584,R,3200000
TOYOTA,ALLION,2015,REDWINE,1500,Gasoline,24458,4,2550000
HONDA,GRACE HYBRID,2017,PEARL,1500,Gasoline+Hybrid,15000,4.5,2650000
TOYOTA,PREMIO,2016,PEARL,1500,Gasoline,35000,4,3100000
TOYOTA,C-HR,2017,BLACK,1800,Gasoline+Hybrid,44311,4.5,3250000
TOYOTA,C-HR,2017,PEARL,1800,Gasoline+Hybrid,22593,4,3250000
TOYOTA,AXIO WXB HYBRID,2019,PEARL,1500,HYBRID,1600,R,3100000
HONDA,GRACE HYBRID,SILVER,Unknown,Unknown,14775,5,"2,550,000 Taka",Unknown
TOYOTA,C-HR,2017,Unknown,1800,HYBRID,28500,4.5,3300000
TOYOTA,C-HR,2017,Unknown,1800,Gasoline+Hybrid,28000,5 AA,3250000
TOYOTA,AXIO HYBRID,2015,SILVER,1500,HYBRID,31997,4,1660000
TOYOTA,AXIO HYBRID,2015,SILVER,1500,HYBRID,74000,R,1610000
TOYOTA,AXIO HYBRID,2015,SILVER,Unknown,52940,Unknown,"1,600,000 Taka",Unknown
TOYOTA,AXIO HYBRID,2015,BEIGE,1500,HYBRID,97000,4,1530000
TOYOTA,AXIO HYBRID,2015,SILVER,1500,Gasoline,74000,4,1650000
Toyota,CHR,2017,Unknown,1800,Hybrid,1880,5,3150000
TOYOTA,PRIUS,2016,BEIGE,1800,HYBRID,19000,4,2500000
