,Company,Model,Year,Color,Engine_Capacity,Fuel_Type,Mileage,Auction_Grade,Price
0,TOYOTA,Voxy hybrid,2020,Black,1800,Hybrid,69777,4.5,3500000
1,TOYOTA,Esquire,2020,Black,1800,Hybrid,92500,3.5,3700000
2,TOYOTA,Esquire,2020,Pearl,1800,Hybrid,97000,3.5,4000000
3,TOYOTA,Corolla,2020,Pearl,1800,Hybrid,33000,4.5,3600000
4,TOYOTA,Corolla cross,2021,Redwine,1800,Hybrid,30000,4.5,4850000
5,TOYOTA,Chr,2020,,1800,Hybrid,45000,4.5,3700000
6,TOYOTA,Corolla cross,2021,Pearl,1800,Hybrid,28000,4.5,4650000
7,TOYOTA,Axio hybrid,2020,White,1500,Hybrid,37285,4,2750000
8,HONDA,Civic,2020,Red,1500,Octane,46147,R,3750000
9,TOYOTA,Sienta,2020,,1500,Hybrid,77196,4.5,3000000
10,TOYOTA,Axio hybrid,2020,White,1500,Hybrid,39890,4.5,2700000
11,TOYOTA,Axio non  hybrid,2020,Silver,1500,Hybrid,14743,4.5,3250000
13,TOYOTA,Prius with 360 camera,2020,Red,1800,Hybrid,89000,4.5,3550000
14,HONDA,Insight,2020,Black,1500,Hybrid,56000,3.5,4200000
15,TOYOTA,Prius,2020,Pearl,1800,Hybrid,85518,3.5,3250000
16,TOYOTA,Fielder hybrid,2020,White,1500,Hybrid,80000,4,2700000
17,MAZDA,Mazda 3,2021,,1500,Octane,13123,4,4000000
18,TOYOTA,Aqua,2020,Silver,1500,Hybrid,77000,4,2050000
19,TOYOTA,Corolla cross moonroof,2021,Black,1800,Hybrid,22863,4.5,4700000
20,TOYOTA,Yaris cross,2021,,1500,Hybrid,35336,4.5,3750000
21,TOYOTA,Axio hybrid,2020,Silver,1500,Hybrid,78000,4,2500000
22,TOYOTA,Premio,2020,Pearl,1500,Octane,53300,4,3950000
23,TOYOTA,Voxy hybrid,2022,Black,1800,Hybrid,23025,"4,5",5500000
24,HONDA,Vezel hybrid,2021,Red,1500,Hybrid,40000,4,4450000
25,HONDA,Vezel,2021,Pearl,1500,Hybrid,42110,4,4450000
26,HONDA,Vezel e:hev,2021,Pearl,1500,Hybrid,24002,4,4450000
27,TOYOTA,Prius,2020,Blue,1800,Hybrid,54335,3.5,3120000
28,TOYOTA,Fielder hybrid,2020,Silver,1500,Hybrid,57722,4,2700000
29,TOYOTA,Aqua,2020,Pearl,1500,Hybrid,91000,4,2050000
30,TOYOTA,Prius,2020,Pearl,1800,Hybrid,39000,3.5,3250000
31,TOYOTA,Prius,2020,Beige,1800,Hybrid,26000,4.5,3250000
32,TOYOTA,Sienta,2020,Black,1500,Hybrid,70150,4,2850000
33,HONDA,Vezel hybrid,2021,Redwine,1500,Hybrid,23477,4.5,4450000
34,TOYOTA,Premio,2020,Silver,1500,Octane,42830,4,3900000
35,TOYOTA,Esquire hybrid,2021,,1800,Hybrid,45040,4.5,4450000
36,TOYOTA,Corolla hybrid,2020,Silver,1800,Hybrid,73287,4,2950000
37,TOYOTA,Axio nonhybrid,2020,Silver,1500,Non hybrid,37000,3.5,2850000
38,TOYOTA,Axio hybrid,2020,White,1500,Hybrid,85588,3.5,2520000
39,TOYOTA,Axio hybrid,2020,Silver,1500,Hybrid,37804,4,2720000
40,TOYOTA,Chr,2020,Pearl,1800,Hybrid,37200,4,3750000
41,TOYOTA,Corolla cross,2022,Black,1800,Hybrid,42000,4.5,4600000
43,TOYOTA,Corolla cross,2022,Black,1800,Hybrid,45500,4,4600000
44,HONDA,Insight,2019,Gray,1500,Hybrid,98604,4,3750000
45,TOYOTA,Corolla cross,2022,Pearl,1800,Hybrid,22361,4.5,4850000
47,TOYOTA,Corolla cross,2023,Pearl,1800,Hybrid,11360,5,5150000
48,TOYOTA,Corolla cross,2024,Black,1800,Hybrid,95,S,5600000
50,HONDA,Crv hybrid,2021,Black,2000,Hybrid,33780,4.5,6350000
51,TOYOTA,Corolla cross moonroof 4wd,2022,Bronze,1800,Hybrid,36117,5,5150000
52,TOYOTA,Corolla cross (hardtop),2021,Pearl,1800,Hybrid,19738,3.5,4200000
53,TOYOTA,Noah hybrid,2020,Pearl,1800,Hybrid,78137,4.5,3450000
54,TOYOTA,Corolla cross (hardtop),2021,Pearl,1800,Hybrid,43192,4.5,4500000
55,TOYOTA,Chr hybrid,2020,,1800,Hybrid,27566,R,3350000
56,TOYOTA,Fielder hybrid,2020,Black,1500,Hybrid,41000,4,2620000
57,HONDA,Crv non hybrid,2020,Pearl,1500,Petrol,29087,4.5,6050000
58,TOYOTA,Fielder hybrid,2020,Silver,1500,Hybrid,86337,4,2450000
59,TOYOTA,Fielder hybrid,2020,White,1500,Hybrid,73174,4,2450000
61,TOYOTA,Corolla cross,2022,Redwine,1800,Hybrid,18000,4.5,4950000
62,TOYOTA,Corolla cross,2021,,1800,Hybrid,23000,5,4650000
63,TOYOTA,Corolla cross,2021,,1800,Hybrid,35000,4.5,4500000
64,TOYOTA,Prius,2020,Pearl,1800,Hybrid,60000,4,3200000
65,TOYOTA,Chr,2020,Pearl,1800,Hybrid,29000,4,3700000
67,TOYOTA,Corolla cross (hardtop),2021,Black,1800,Hybrid,28596,4.5,4550000
68,TOYOTA,Premio,2020,,1500,Octane,40500,R,4450000
69,TOYOTA,Premio,2020,,1500,Octane,20000,R,4900000
70,TOYOTA,Premio,2020,Pearl,1500,Octane,69000,R,4450000
71,TOYOTA,Axio hybrid,2019,Pearl,1500,Hybrid,104000,4,2950000
72,TOYOTA,Axio hybrid,2019,Brown,1500,Hybrid,59000,3.5,2800000
73,TOYOTA,Corolla cross,2022,Bronze,1800,Hybrid,15246,4.5,5150000
74,TOYOTA,Corolla cross,2022,Bronze,1800,Hybrid,15800,4.5,5150000
75,TOYOTA,Yaris cross,2021,Pearl,1800,Hybrid,47554,4,3750000
76,TOYOTA,Corolla,2020,Pearl,1800,Hybrid,47000,4,3400000
77,TOYOTA,Corolla,2020,Black,1800,Hybrid,41090,4,3100000
78,TOYOTA,Corolla,2020,Black,1800,Hybrid,50581,4.5,3400000
79,TOYOTA,Prius,2020,Beige,1800,Hybrid,46340,4,3550000
80,TOYOTA,Vezel,2021,Red,1500,Octane,22000,5,4300000
81,TOYOTA,Prius,2021,Beige,1800,Hybrid,60000,4,3500000
82,TOYOTA,Prius,2020,Grey,1800,Hybrid,43000,4,3350000
83,TOYOTA,Noah hybrid,2022,Pearl,1800,Hybrid,58000,4.5,5100000
84,MAZDA,Mazda 3,2021,Black,1500,Octane,46000,4,3800000
85,HONDA,Grace hybrid,2020,Silver,1500,Hybrid,58000,R,2850000
86,HONDA,Grace hybrid,2020,Silver,1500,Hybrid,29000,4.5,2650000
87,TOYOTA,Esquire,2020,Silver,1800,Hybrid,59000,4,4250000
88,TOYOTA,Esquire,2020,Black,1800,Hybrid,48000,4.5,4300000
89,HONDA,Crv non hybrid,2020,Pearl,1500,Octane,28000,4.5,6000000
90,HONDA,Crv hybrid,2022,Black,2000,Hybrid,27000,4,6600000
91,TOYOTA,Corolla cross,2022,Pearl,1800,Hybrid,20000,4.5,4800000
93,TOYOTA,Corolla cross,2021,Pearl,1800,Hybrid,49500,5,4750000
95,TOYOTA,Corolla cross (hardtop),2022,Pearl,1800,Hybrid,29788,5,4680000
96,TOYOTA,Corolla cross,2022,Black,1800,Hybrid,30000,4.5,4650000
97,TOYOTA,Corolla cross (hardtop),2021,Black,1800,Hybrid,27761,4.5,4550000
98,TOYOTA,Corolla hybrid,2020,Pearl,1800,Hybrid,36000,4.5,3200000
99,TOYOTA,Chr,2020,Red,1800,Hybrid,35000,4.5,3700000
100,TOYOTA,Corolla touring,2020,Black,1800,Hybrid,47000,4,3250000
101,TOYOTA,Corolla touring,2020,Black,1800,Hybrid,57000,4.5,3250000
102,TOYOTA,Corolla cross,2022,Black,1800,Hybrid,43830,4,4780000
103,HONDA,Crv,2021,Black,2000,Hybrid,40146,4.5,6200000
104,TOYOTA,Prius,2020,Red,1800,Hybrid,7691,4.5,3750000
105,HONDA,Vezel,2021,Pearl,1500,Hybrid,33000,4.5,4750000
106,TOYOTA,Corolla hybrid,2020,Pearl,1800,Hybrid,12000,4.5,3450000
107,TOYOTA,Prius,2020,Silver,1800,Hybrid,46000,4,3000000
108,TOYOTA,Corolla,2020,Pearl,1800,Hybrid,43067,4.5,3500000
109,HONDA,Crv hybrid,2020,Pearl,1800,Hybrid,26953,R,5700000
110,HONDA,Crv non hybrid,2020,Pearl,1500,Octane,23000,4.5,6000000
111,TOYOTA,Prius,2021,Red,1800,Hybrid,18000,4.5,3400000
112,TOYOTA,Prius,2020,Silver,1800,Hybrid,47200,4.5,3150000
113,TOYOTA,Prius phv,2020,Red,1800,Plug-in hybrid,64515,4,3900000
114,TOYOTA,Corolla hybrid,2020,Pearl,1800,Gasoline+hybrid,49960,4.5,3150000
115,TOYOTA,Prius,2020,Red,1800,Plug-in hybrid,33753,4.5,4100000
116,TOYOTA,S,2020,Beige,1800,Hybrid,20777,4.5,3300000
117,TOYOTA,Prius,2020,Pearl,1800,Hybrid,34303,4.5,3350000
118,TOYOTA,Prius,2020,Red,1800,Hybrid,14000,4.5,3500000
119,TOYOTA,Corolla,2020,Pearl,1800,Hybrid,47849,4.5,3250000
120,TOYOTA,Noah,2023,Pearl,1800,Hybrid,12190,5,5350000
121,TOYOTA,Axio,2020,White,1500,Hybrid,69196,4,2600000
122,TOYOTA,Corolla cross,2021,,1800,Hybrid,31180,4.5,4450000
123,TOYOTA,Corolla,2020,Pearl,1800,Hybrid,21541,4.5,3250000
124,TOYOTA,Prius,2020,Pearl,1800,Hybrid,49000,4,3250000
125,TOYOTA,Prius,2020,Pearl,1800,Hybrid,73472,4,3100000
126,TOYOTA,Prius s touring,2020,Red,1800,Hybrid,54876,4,3550000
127,TOYOTA,Fielder,2020,Silver,1500,Hybrid,36415,4.5,2650000
128,TOYOTA,Axio hybrid,2020,White,1500,Hybrid,36755,4,2700000
132,TOYOTA,Chr,2020,,1800,Hybrid,37647,4.5,3825000
133,TOYOTA,Chr,2020,,1800,Hybrid,20890,4.5,3850000
134,TOYOTA,Prius,2020,Silver,1800,Hybrid,53850,4,3100000
135,TOYOTA,Axio,2020,White,1500,Hybrid,33985,4.5,2900000
136,TOYOTA,Axio,2020,Silver,1500,Hybrid,29576,4,2900000
137,TOYOTA,Voxy hybrid,2020,Pearl,1800,Hybrid,84951,4,3400000
138,TOYOTA,Corolla cross,2022,Pearl,1800,Hybrid,35426,4,4800000
139,TOYOTA,Axio hybrid,2020,White,1500,Hybrid,32500,4,2800000
140,TOYOTA,Noah,2021,Pearl,1800,Hybrid,49800,4,3850000
141,TOYOTA,Corolla,2021,Pearl,1800,Hybrid,58000,4,3300000
142,TOYOTA,Axio hybrid,2020,White,1500,Gasoline+hybrid,42592,4,2720000
144,TOYOTA,Prius,2020,Black,1800,Hybrid,31970,4.5,3800000
145,NISSAN,Xtrail,2020,Pearl,2000,Hybrid,35000,5,4900000
146,TOYOTA,Prius,2020,Beige,1800,Hybrid,9000,4.5,3650000
147,TOYOTA,Corolla hybrid,2020,Black,1800,Hybrid,8000,4,3500000
148,TOYOTA,Allion,2021,Silver,1500,Octane,3892,4,4350000
149,HONDA,Insight,2020,,1500,Hybrid,46000,4,4400000
150,TOYOTA,Noah hybrid,2023,Gray,1800,Hybrid,19000,3.5,5200000
151,HONDA,Grace,2020,Red,1500,Hybrid,61000,4,3100000
152,TOYOTA,Noah hybrid,2022,Black,1800,Hybrid,44155,4.5,5100000
153,TOYOTA,Corolla hybrid,2020,,1800,Hybrid,85000,4.5,3200000
154,TOYOTA,Noah hybrid,2022,Pearl,1800,Hybrid,15830,4,5150000
155,TOYOTA,Chr,2020,,1800,Hybrid,44000,5,3800000
157,HONDA,Crv non hybrid,2022,Pearl,1500,Octean,27000,4.5,6700000
158,TOYOTA,Prius,2020,Beige,1800,Hybrid,32000,4.5,3850000
159,TOYOTA,Prius,2020,Gray,1800,Hybrid,53000,3.5,3400000
160,TOYOTA,Yaris cross,2020,,1500,Hybrid,75000,4.5,3600000
161,TOYOTA,Harrier,2020,Pearl,2000,Octane,28000,5,8200000
162,TOYOTA,Yaris cross,2020,Redwine,1500,Hybrid,17000,4.5,3650000
163,TOYOTA,Corolla cross,2022,Bronze,1800,Hybrid,35000,4.5,4900000
164,TOYOTA,Yaris cross,2021,Black,1500,Hybrid,50000,4.5,3700000
165,TOYOTA,Premio,2021,Redwine,1500,Octane,22000,4,4800000
166,TOYOTA,Premio,2021,Redwine,1500,Octane,15000,3.5,4750000
167,TOYOTA,Prius,2020,Black,1800,Hybrid,73000,3.5,3350000
168,TOYOTA,Voxy,2022,,1800,Hybrid,29000,5,5000000
169,TOYOTA,Esquire,2019,Black,1800,Hybrid,95500,R,3900000
170,TOYOTA,Corolla,2019,Pearl,1800,Hybrid,46391,4,3350000
171,TOYOTA,Corolla cross (moonroof),2021,Pearl,1800,Hybrid,16368,4.5,5070000
174,TOYOTA,Voxy hybrid,2020,Silver,1800,Hybrid,65201,RA,3200000
175,TOYOTA,Corolla cross,2022,Pearl,1800,Hybrid,13000,4.5,5000000
176,TOYOTA,Prius,2021,Blue,1800,Hybrid,30000,4,3350000
177,TOYOTA,Prius,2020,Gray,1800,Hybrid,43000,4,3350000
178,TOYOTA,Rav 4 with sunroof,2020,Pearl,2000,Hybrid,52000,4,6400000
179,TOYOTA,Prius,2020,Pearl,1800,Hybrid,52000,4.5,3350000
180,TOYOTA,Corolla cross,2021,Pearl,1800,Hybrid,23516,5,4750000
181,TOYOTA,Premio,2020,Black,1500,Octane,3000,4,4700000
182,TOYOTA,Premio,2020,Black,1800,Octane,27000,4.5,4700000
183,TOYOTA,Premio,2020,,1500,Octane,30000,4,4700000
184,TOYOTA,Premio,2020,Pearl,1500,Octane,18000,5,4600000
185,TOYOTA,Premio,2020,Pearl,1500,Octane,37000,4.5,4600000
186,TOYOTA,Premio,2021,Redwine,1500,Octane,15000,4,4850000
187,TOYOTA,Chr,2020,Pearl,1800,Hybrid,69500,4.5,3570000
188,TOYOTA,Chr,2020,,1800,Hybrid,50780,4.5,3670000
189,TOYOTA,Axio,2020,Silver,1500,Hybrid,68637,R,2530000
190,TOYOTA,Prius,2019,Black,1800,Hybrid,53500,3.5,3350000
191,TOYOTA,Axio,2019,Beige,1500,Hybrid,91091,3,2350000
192,HONDA,Vezel e:hev,2021,Red,1500,Hybrid,32661,4.5,4300000
193,HONDA,Vezel e:hev,2021,Beige,1500,Gasoline+hybrid,35087,4.5,4250000
194,TOYOTA,Yaris cross,2020,Pearl,1500,Hybrid,27000,4.5,3600000
195,TOYOTA,Corolla cross,2021,Pearl,1800,Hybrid,49400,5,4730000
196,TOYOTA,Prius,2019,Black,1800,Hybrid,76000,3,3120000
197,TOYOTA,Allion,2019,Pearl,1500,Petrol,67000,R,4000000
198,HONDA,Grace,2020,Pearl,1500,Hybrid,20000,R,2770000
199,TOYOTA,Corolla,2020,Pearl,1800,Hybrid,57200,4.5,3400000
200,TOYOTA,Fielder,2019,Redwine,1500,Octane,60000,4.5,3200000
201,TOYOTA,Fielder,2019,Black,1500,Octane,22000,4.5,3350000
202,TOYOTA,Voxy,2020,Pearl,1800,Hybrid,86768,4,3500000
203,TOYOTA,Noah,2020,Pearl,1800,Hybrid,49464,3.5,3380000
204,TOYOTA,Corolla,2020,Pearl,1800,Hybrid,19238,4,3420000
205,HONDA,Crv,2020,Pearl,1500,Non-hybrid,39000,4,5720000
206,TOYOTA,Prius,2020,Red,1800,Hybrid,64515,4,3970000
207,TOYOTA,Noah,2020,Pearl,2000,Petrol,77308,3,4050000
208,TOYOTA,Axio,2020,Silver,1500,Hybrid,41189,4,2730000
209,TOYOTA,Chr,2020,Pearl,1800,Hybrid,30732,4.5,3850000
210,TOYOTA,Chr,2020,,1800,Hybrid,39755,4.5,3750000
211,TOYOTA,Yaris cross,2020,Pearl,1500,Hybrid,25403,4.5,3800000
212,TOYOTA,Aqua,2020,Black,1500,Hybrid,89091,4,2000000
213,TOYOTA,Aqua,2020,Pearl,1500,Hybrid,72959,3,2370000
214,TOYOTA,Axio,2019,Pearl,1500,Petrol & hybrid,26000,4,2900000
215,TOYOTA,Premio,2021,,1500,Octane,65000,5,4850000
216,HONDA,Civic,2021,Red,1500,Octane,32000,3.5,5150000
217,TOYOTA,Premio,2019,Redwine,1500,Octane,9616,3.5,4350000
218,TOYOTA,Esquire,2019,Pearl,1800,Hybrid,82000,R,3200000
219,TOYOTA,Fielder nonhybrid,2020,Black,1500,Octane,17869,3.5,2950000
220,HONDA,Grace,2020,Pearl,1500,Hybrid,20000,R,2800000
221,TOYOTA,Corolla,2020,Pearl,1800,Hybrid,71000,3,3300000
222,TOYOTA,Chr,2020,Pearl,1800,Hybrid,22000,4.5,3550000
223,TOYOTA,Yaris cross,2020,Black,1500,Hybrid,43127,4,3500000
224,TOYOTA,Hiace,2020,Black,2000,Octane,131000,3.5,4300000
225,TOYOTA,Hiace,2020,Black,2000,Octane,128000,3.5,4200000
227,TOYOTA,Corolla cross,2021,Pearl,1800,Hybrid,13691,5,4500000
228,TOYOTA,Hiace,2020,Black,2000,Octean,64000,4,4450000
229,TOYOTA,Esquire hybrid,2019,Pearl,1800,Hybrid,89000,3.5,3800000
230,TOYOTA,Esquire hybrid,2020,Black,1800,Hybrid,57000,4,4150000
231,TOYOTA,Noah nonhybrid,2019,Black,2000,Octean,71000,4,3850000
232,TOYOTA,Noah hybrid,2020,Black,1800,Hybrid,96000,4,3450000
233,TOYOTA,Noah non hybrid,2020,Pearl,2000,Octean,83000,4.5,4300000
234,TOYOTA,Fielder hybrid,2019,Redwine,1500,Hybrid,78000,4,2950000
235,TOYOTA,Axio hybrid,2019,Silver,1500,Hybrid,59000,4,2500000
236,TOYOTA,Axio hybrid,2019,Silver,1500,Hybrid,52000,4,2500000
237,HONDA,Grace,2019,Pearl,1500,Hybrid,86000,3.5,2600000
238,HONDA,Insight,2019,Red,1500,Hybrid,44000,4.5,3950000
239,TOYOTA,Prius,2019,Black,1800,Hybrid,67000,4,3450000
240,TOYOTA,Prius,2019,Redwine,1800,Hybrid,55000,4,3450000
241,TOYOTA,Prius,2020,Pearl,1800,Hybrid,16000,4,3300000
242,TOYOTA,Premio,2021,,1500,Octane,65000,4.5,4850000
243,TOYOTA,Chr (modellista body kit),2020,,1800,Hybrid,65000,4.5,3700000
244,TOYOTA,Corolla hybrid,2019,Pearl,1800,Hybrid,101000,4,3100000
245,TOYOTA,Allion,2019,Pearl,1500,Octane,27000,4.5,3850000
246,TOYOTA,Allion,2019,Pearl,1500,Octane,40000,4,4150000
247,TOYOTA,Premio,2019,White,1500,Octane,55000,4,3950000
248,TOYOTA,Premio,2019,Pearl,1500,Octane,64000,4,4000000
249,TOYOTA,Premio,2021,Redwine,1500,Octean,26000,4,4800000
251,TOYOTA,Prius,2020,Red,1800,Hybrid,16022,4.5,3650000
253,TOYOTA,Corolla touring,2021,,1800,Hybrid,33688,4,3450000
254,TOYOTA,Harrier,2019,Pearl,2000,Octane,60000,4.5,6550000
255,TOYOTA,Harrier,2019,Black,2000,Octane,44000,4,6700000
256,HONDA,Crv hybrid,2019,Pearl,2000,Hybrid,48000,4,5550000
258,TOYOTA,Allion,2019,Silver,1500,Octane,31000,4,3800000
259,TOYOTA,Premio,2021,Pearl,1500,Octane,10000,5,4850000
262,TOYOTA,Corolla cross,2022,Bronze,1800,Petrol hybrid,31500,4.5,5300000
263,TOYOTA,Corolla cross,2023,Bronze,1800,Hybrid,11000,5,5500000
264,TOYOTA,Corolla cross,2022,Black,1800,Petrol hybrid,10500,4.5,5250000
265,TOYOTA,Corolla cross,2024,Redwine,1800,Petrol & hybrid,6,S,5550000
266,HONDA,Crv,2020,Red,1500,Petrol,23200,4,5900000
267,HONDA,Crv,2020,,1500,Petrol,15000,4,6150000
268,TOYOTA,Corolla cross,2022,Black,1800,Hybrid,25000,4.5,5300000
269,TOYOTA,Corolla cross,2024,,1800,Hybrid,10,S,5600000
270,TOYOTA,Corolla cross,2024,Redwine,1800,Hybrid,6,S,5450000
271,TOYOTA,Harrier nonhybrid,2019,Black,2000,Octane,68000,4,6900000
272,TOYOTA,Prius,2020,Beige,1800,Hybrid,23000,4,3300000
273,TOYOTA,Prius,2020,Beige,1800,Hybrid,55000,4.5,3100000
274,TOYOTA,Corolla cross,2022,Pearl,1800,Hybrid,23000,4.5,4750000
275,TOYOTA,Corolla cross,2021,Pearl,1800,Hybrid,33000,4.5,4650000
276,TOYOTA,Axio hybrid,2020,Silver,1500,Hybrid,46000,4.5,2650000
277,TOYOTA,Corolla,2019,Pearl,1800,Hybrid,66000,4,2850000
278,TOYOTA,Allion,2019,Pearl,1500,Octane,21000,4,3950000
281,TOYOTA,Fielder,2019,,1500,Octane,84384,4.5,3150000
282,TOYOTA,Axio,2020,Black,1500,Octane,5000,4.5,3300000
283,TOYOTA,Prius,2020,Pearl,1800,Hybrid,18748,4.5,3600000
284,TOYOTA,Voxy nonhybrid,2023,,2000,Octane,2000,6,6500000
285,TOYOTA,Voxy hybrid,2023,Pearl,1800,Hybrid,6000,5,5800000
287,TOYOTA,Chr,2019,,1800,Hybrid,67000,3.5,3500000
288,HONDA,Crv hybrid,2019,Red,2000,Hybrid,65000,4.5,5500000
289,TOYOTA,Yaris cross,2020,Black,1500,Hybrid,25063,5,3750000
290,TOYOTA,Chr,2019,Pearl,1800,Hybrid,25753,4.5,3600000
292,HONDA,Insight,2019,Pearl,1500,Hybrid,44202,4.5,3800000
293,TOYOTA,Fielder nonhybrid,2019,Redwine,1500,Octane,16000,4.5,3300000
294,TOYOTA,Prius,2019,Pearl,1800,Hybrid,71000,4,3400000
295,TOYOTA,Axio non hybrid,2019,Silver,1500,Petrol,31645,4,2550000
296,TOYOTA,Axio non hybrid,2019,Silver,1500,Petrol,23054,4,2500000
297,TOYOTA,Corolla cross,2024,,1800,Hybrid,6,S,5600000
298,HONDA,Crv hybrid,2019,Pearl,2000,Hybrid,47000,"4,5",5600000
299,HONDA,Civic,2021,,1500,Petrol,6600,5,5500000
300,TOYOTA,Prius,2019,Gray,1800,Hybrid,71000,4,3500000
301,TOYOTA,Corolla hybrid,2021,Black,1800,Hybrid,22000,5,3700000
302,TOYOTA,Prius,2019,Redwine,1800,Hybrid,16000,4.5,3550000
303,TOYOTA,Corolla cross,2023,Pearl,1800,Hybrid,7739,5,5300000
304,TOYOTA,Harrier nonhybrid,2021,Black,2000,Octane,9000,4.5,9000000
305,TOYOTA,Corolla cross,2024,Black,1800,Hybrid,8,S,5700000
306,NISSAN,Xtrail,2019,Brown,2000,Hybrid,52100,4.5,3900000
307,TOYOTA,Noah hybrid,2024,Black,1800,Hybrid,14,S,6300000
308,HONDA,Crv hybrid,2019,Pearl,2000,Hybrid,60000,4,5500000
309,TOYOTA,Corolla cross,2024,,1800,Hybrid,999,S,5650000
310,HONDA,Crv brown interior,2019,Black,2000,Hybrid,44000,3.5,5500000
311,TOYOTA,Prius,2019,Pearl,1800,Hybrid,35000,4,3350000
312,TOYOTA,Chr,2019,Black,1800,Hybrid,41000,3.5,3150000
313,TOYOTA,Chr,2019,Redwine,1800,Hybrid,48000,4,3350000
314,TOYOTA,Aqua,2019,,1500,Hybrid,84000,4.5,2200000
315,TOYOTA,Premio,2021,Redwine,1500,Octane,31000,4.5,4850000
316,TOYOTA,Allion,2019,Silver,1500,Octane,14000,4,4300000
317,TOYOTA,Prius,2019,Blue,1800,Hybrid,42000,3.5,3300000
318,TOYOTA,Corolla hybrid,2021,Pearl,1800,Hybrid,4500,4.5,3700000
319,TOYOTA,Prius,2020,Red,1800,Hybrid,16000,4,3250000
320,TOYOTA,Corolla cross,2022,Pearl,1800,Hybrid,17000,6,4650000
321,TOYOTA,Corolla hybrid,2020,Pearl,1800,Hybrid,12000,4.5,3350000
322,TOYOTA,Allion a15,2019,Silver,1500,Octane,31000,4,3900000
323,TOYOTA,Allion,2019,Pearl,1500,Octane,18000,3.5,4200000
324,TOYOTA,Premio,2020,Pearl,1500,Octane,83000,3.5,4350000
325,TOYOTA,Axio hybrid,2019,Pearl,1500,Hybrid,26000,3.5,2900000
326,TOYOTA,Corolla cross (moonroof),2024,Red,1800,Hybrid,26,S,5500000
327,TOYOTA,Corolla cross (moonroof),2021,Black,1800,Hybrid,20105,5,4900000
328,TOYOTA,Axio,2019,Bronze,1500,Hybrid,52000,4.5,2750000
329,TOYOTA,Noah hybrid,2019,Pearl,1800,Hybrid,66000,3.5,3700000
330,TOYOTA,Corolla cross,2022,Black,1800,Hybrid,23600,4.5,5200000
331,TOYOTA,Corolla cross (moonroof),2024,Redwine,1800,Hybrid,3,S,5730000
332,TOYOTA,Corolla cross,2021,Black,1800,Hybrid,8997,5,4800000
333,TOYOTA,Corolla cross,2022,Pearl,1800,Hybrid,22811,4.5,4750000
334,TOYOTA,Corolla cross,2021,,1800,Hybrid,26989,4.5,4750000
335,TOYOTA,Chr,2019,Redwine,1800,Hybrid,12000,4.5,3800000
336,TOYOTA,Axio non hybrid,2019,Silver,1500,Hybrid,25000,3.5,2950000
337,TOYOTA,Esquire,2020,Black,2000,Octean,54000,4.5,4000000
338,TOYOTA,Harrier nonhybrid,2021,Black,1800,Octean,2500,4.5,8900000
339,HONDA,Insight,2019,Silver,1500,Hybrid,23400,4.5,3480000
340,TOYOTA,Axio hybrid,2019,White,1500,Hybrid,52000,4.5,3000000
341,TOYOTA,Corolla,2019,Pearl,1800,Hybrid,38000,3.5,3350000
342,TOYOTA,Corolla cross,2024,Redwine,1800,Hybrid,3,S,5500000
343,TOYOTA,Corolla cross,2024,Redwine,1800,Hybrid,5,S,5600000
344,TOYOTA,Corolla cross,2024,Redwine,1800,Hybrid,5,S,5500000
345,TOYOTA,Axio hybrid,2019,White,1500,Hybrid,95271,4,2220000
346,TOYOTA,Fielder,2019,Black,1500,Octane,50000,3,3100000
347,TOYOTA,Noah si wxb ii,2019,Black,2000,Octane,34000,4,4300000
348,TOYOTA,Chr (modellista body kit),2019,Pearl,1800,Hybrid,33000,4.5,3600000
349,MITSUBISHI,Outlander phev,2018,,2000,Hybrid,60750,4,5700000
350,TOYOTA,Axio hybrid,2019,White,1500,Hybrid,85000,4,2350000
351,TOYOTA,Fielder nonhybrid,2019,Blue,1500,Octean,81000,4,2550000
352,TOYOTA,Corolla cross,2023,Red,1800,Hybrid,3000,4.5,5200000
353,HONDA,Crv non hybrid,2019,Red,1500,Octane,13000,4.5,6100000
354,TOYOTA,Harrier nonhybrid,2019,Black,2000,Octean,68000,4,6900000
355,TOYOTA,Harrier nonhybrid,2019,Pearl,2000,Octean,34000,4,6800000
356,TOYOTA,Harrier nonhybrid,2021,Pearl,2000,Octean,35000,4.5,8900000
360,TOYOTA,Fielder nonhybrid,2019,Black,1500,Hybrid,4,3,3200000
361,TOYOTA,Fielder nonhybrid,2019,Pearl,1500,Hybrid,65000,4,3250000
362,TOYOTA,Fielder nonhybrid,2019,Redwine,1500,Hybrid,30000,4.5,3450000
363,HONDA,Crv brown interior,2018,Pearl,2000,Hybrid,46000,5,6000000
364,TOYOTA,Aqua,2019,,1500,Hybrid,114000,4,1850000
365,TOYOTA,Prius,2019,White,1800,Hybrid,64000,4,2950000
366,TOYOTA,Chr,2019,,1800,Hybrid,44000,4.5,3450000
367,TOYOTA,Prius,2019,Pearl,1800,Hybrid,46000,4.5,3400000
368,TOYOTA,Prius,2019,Pearl,1800,Hybrid,42000,4,3200000
369,TOYOTA,Chr,2019,,1800,Hybrid,56000,4.5,3550000
370,TOYOTA,Premio,2020,Pearl,1500,Octean,42000,4,4400000
371,TOYOTA,Axio nonhybrid,2019,Silver,1500,Octean,40000,4,2400000
372,TOYOTA,Axio hybrid,2019,White,1500,Hybrid,56000,4,2750000
373,TOYOTA,Axio hybrid,2019,Silver,1500,Hybrid,59000,4,2400000
374,TOYOTA,Hiace dark prime selection ii,2020,Black,2000,Octane,50000,4,4800000
375,TOYOTA,Prius,2019,Black,1800,Hybrid,77000,3.5,3200000
376,TOYOTA,Prius,2019,Pearl,1800,Hybrid,71000,4,3300000
377,TOYOTA,Prius,2019,Pearl,1800,Hybrid,57000,4,3250000
378,TOYOTA,Yaris cross,2020,,1500,Hybrid,42000,Automatic,3850000
379,TOYOTA,Chr,2019,Gray,1800,Hybrid,12000,4,3400000
380,TOYOTA,Prius,2019,Black,1800,Hybrid,73000,3.5,3200000
381,TOYOTA,Esquire non hybrid,2019,Pearl,2000,Octean,89000,4,4100000
382,TOYOTA,Esquire nonhybrid,2019,Black,2000,Octean,62000,4.5,4350000
383,TOYOTA,Fielder,2020,Black,1500,Octane,85000,4.5,2550000
384,TOYOTA,Esquire hybrid,2019,Pearl,1800,Hybrid,53000,4,3950000
385,TOYOTA,Esquire hybrid,2021,Pearl,1800,Hybrid,59000,4.5,4300000
386,TOYOTA,Corolla cross,2022,Pearl,1800,Hybrid,21000,5,5050000
387,TOYOTA,Yaris cross,2021,Black,1500,Hybrid,1000,4.5,4200000
388,TOYOTA,Harrier nonhybrid,2019,Pearl,2000,Octean,50000,4.5,6800000
389,TOYOTA,Corolla cross (moonroof),2024,Pearl,1800,Hybrid,3,S,5700000
390,TOYOTA,Harrier nonhybrid,2020,Pearl,2000,Octean,36000,4.5,8100000
392,TOYOTA,Harrier nonhybrid,2020,Black,2000,Octean,36000,4.5,8300000
393,TOYOTA,Harrier nonhybrid,2020,Pearl,2000,Octean,45000,4.5,8300000
394,TOYOTA,Hiace dark prime selection ii,2021,Black,2000,Octane,49000,4.5,4850000
395,TOYOTA,Haice,2019,Pearl,2000,Octane,22000,4,4700000
396,TOYOTA,Corolla cross,2022,Pearl,1800,Hybrid,25000,5,4750000
397,TOYOTA,Axio hybrid,2019,Pearl,1500,Hybrid,31000,5,3100000
398,TOYOTA,Corolla cross (hardtop),2022,Black,1800,Hybrid,29000,4.5,4650000
399,TOYOTA,Premio,2021,Black,1500,Octean,37000,5,4750000
400,TOYOTA,Premio,2021,Redwine,1500,Octean,34000,4.5,4750000
401,TOYOTA,Premio,2021,Pearl,1500,Octean,600,5,4700000
402,TOYOTA,Premio,2019,Silver,1500,Octean,24000,4.5,4200000
403,TOYOTA,Premio fex,2020,,1500,Octean,32000,4,4650000
404,TOYOTA,Premio,2020,Pearl,1500,Octean,29000,4,4200000
405,TOYOTA,Corolla cross,2022,Black,1800,Hybrid,30000,5,4650000
406,TOYOTA,Corolla cross,2021,Black,1800,Hybrid,36000,4.5,4500000
407,TOYOTA,Esquire,2019,Pearl,2000,Hybrid,14000,4,4700000
408,TOYOTA,Esquire hybrid,2019,,1800,Hybrid,28000,4.5,4200000
409,TOYOTA,Harrier nonhybrid,2019,Pearl,2000,Octean,25000,4.5,6700000
410,TOYOTA,Allion,2019,Redwine,1500,Octane,26000,R,4000000
411,TOYOTA,Corolla cross,2021,Black,1800,Hybrid,11000,5,4700000
412,TOYOTA,Axio hybrid,2019,Silver,1500,Hybrid,36000,4.5,2450000
413,TOYOTA,Axio hybrid,2019,White,1500,Hybrid,33000,4,2400000
414,TOYOTA,Axio hybrid,2019,White,1500,Hybrid,47326,4.5,2450000
415,TOYOTA,Harrier nonhybrid,2019,Pearl,2000,Octean,40000,4.5,6700000
416,TOYOTA,Fielder nonhybrid,2019,Pearl,1500,Octane,32000,4,3350000
417,NISSAN,Xtrail,2024,Bronze,1500,Octean,9,S,7700000
418,TOYOTA,Voxy hybrid,2022,Pearl,1800,Hybrid,10000,5,5500000
419,TOYOTA,Premio,2020,Pearl,1500,Octane,40,5,4700000
420,TOYOTA,Prius s,2019,Red,1800,Hybrid,40000,4,3250000
421,TOYOTA,Corolla cross,2024,Pearl,1800,Hybrid,4,S,5700000
422,TOYOTA,Esquire gi premium,2019,Pearl,1800,Hybrid,22400,4,3930000
424,TOYOTA,Corolla cross,2021,Pearl,1800,Hybrid,6000,5,4950000
425,HONDA,Crv non hybrid,2020,Black,1800,Octean,42000,4.5,6200000
426,TOYOTA,Prius,2019,Beige,1800,Hybrid,6769,4.5,3300000
427,TOYOTA,Axio nonhybrid,2020,White,1500,Petrol,96355,4.5,2750000
428,TOYOTA,Axio non hybrid,2019,Pearl,1500,Octean,8000,4,3100000
429,TOYOTA,Aqua,2019,White,1500,Hybrid,79000,4,1850000
430,TOYOTA,Allion a 15,2019,Pearl,1500,Petrol,23231,4.5,4030000
431,TOYOTA,Prius s touring,2019,Pearl,1800,Hybrid,29000,4,3500000
432,TOYOTA,Fielder,2019,Black,1500,Hybrid,68528,4.5,2570000
433,TOYOTA,Axio hybrid,2019,White,1500,Hybrid,55228,4,2480000
434,HONDA,Grace hybrid,2019,Gray,1500,Hybrid,72076,4,2970000
435,TOYOTA,Fielder,2018,Black,1500,Hybrid,93200,4,2150000
436,HONDA,Insight,2019,Pearl,1500,Hybrid,71658,4.5,3750000
437,TOYOTA,Voxy hybrid,2019,,1800,Hybrid,34047,3.5,3280000
438,TOYOTA,Fielder hybrid,2019,Black,1500,Hybrid,68528,4.5,2600000
439,TOYOTA,Voxy hybrid,2022,Black,1800,Hybrid,24759,R,5000000
440,HONDA,Insight,2020,Gray,1500,Hybrid,102196,4,3600000
441,TOYOTA,Allion,2019,Black,1500,Octane,50000,4.5,4300000
442,TOYOTA,Chr,2019,,1800,Hybrid,29000,4.5,3500000
443,TOYOTA,Axio hybrid,2019,Silver,1500,Hybrid,35182,4.5,2600000
444,TOYOTA,Prius,2020,,1800,Hybrid,14740,4.5,3550000
445,TOYOTA,Corolla cross (hardtop),2021,,1800,Hybrid,19911,4.5,4750000
446,HONDA,Crv,2019,Pearl,1490,Petrol,45930,4,5720000
447,TOYOTA,Corolla cross (moonroof),2024,,1800,Hybrid,67,S,5710000
448,TOYOTA,Corolla cross (moonroof),2024,Pearl,1800,Hybrid,4,S,5720000
449,TOYOTA,Prius,2019,Pearl,1800,Hybrid,59520,3,3020000
450,TOYOTA,Prius,2019,Black,1800,Petrol & hybrid,7909,4,3030000
451,TOYOTA,Corolla cross,2021,,1800,Hybrid,6000,4.5,4950000
452,TOYOTA,Axio non hybrid,2019,Pearl,1500,Octane,8410,4.5,3350000
453,TOYOTA,Axio non hybrid,2019,Pearl,1500,Octane,1000,5,3500000
454,TOYOTA,Corolla cross (moonroof),2021,,1800,Hybrid,5265,6,5050000
455,TOYOTA,Corolla cross (moonroof),2024,,1800,Hybrid,7,S,5700000
456,HONDA,Crv,2022,,1500,Non_hybrid,11060,6,6800000
457,TOYOTA,Axio hybrid,2019,Silver,1500,Hybrid,29000,4,2650000
458,TOYOTA,Fielder nonhybrid,2019,White,1500,Octane,47000,4.5,2800000
459,TOYOTA,Axio hybrid,2019,Beige,1500,Hybrid,90000,3,2450000
460,TOYOTA,Aqua,2019,Beige,1500,Hybrid,90280,4,2150000
461,TOYOTA,Prius,2019,Redwine,1800,Hybrid,45000,4.5,3350000
462,TOYOTA,Harrier nonhybrid,2021,Pearl,2000,Octane,29000,4.5,9000000
463,TOYOTA,Allion,2019,Pearl,1500,Octane,23239,4.5,3900000
464,TOYOTA,Axio hybrid,2019,Silver,1500,Hybrid,48000,4,2350000
465,TOYOTA,Prius,2019,Beige,1800,Hybrid,42000,4,3200000
466,TOYOTA,Prius,2019,Red,1800,Hybrid,41000,4.5,3050000
468,TOYOTA,Fielder nonhybrid,2019,,1500,Octane,26000,4,3250000
470,TOYOTA,Corolla cross (moonroof),2022,Wine,1800,Hybrid,39266,4.5,5150000
471,TOYOTA,Corolla cross (hardtop),2021,Pearl,1800,Hybrid,41980,4.5,4550000
472,TOYOTA,Corolla cross moonroof,2024,Pearl,1799,Hybrid,3,S,5600000
473,TOYOTA,Corolla cross (hardtop),2021,Pearl,1800,Hybrid,32199,4.5,4550000
474,TOYOTA,Hiace,2019,Pearl,2000,Octane,42000,4,4100000
475,HONDA,Crv brown interior,2019,Black,1500,Octane,43595,4.5,5850000
476,TOYOTA,Premio,2021,,1500,Octane,46000,5,4800000
477,TOYOTA,Corolla cross (moonroof),2023,Pearl,1800,Hybrid,3070,5,5300000
478,TOYOTA,Corolla cross (hardtop),2021,Pearl,1800,Hybrid,18651,4.5,4600000
479,TOYOTA,Corolla cross moonroof),2022,Pearl,1800,Hybrid,23000,3,4700000
480,TOYOTA,Fielder,2019,,1500,Hybrid,73500,4.5,3000000
481,TOYOTA,Noah,2019,Pearl,1800,Octane,145114,R,3350000
482,TOYOTA,Prius (sunroof),2019,Pearl,1800,Hybrid,49000,4,3650000
483,TOYOTA,Prius,2019,Red,1800,Hybrid,43536,4.5,3400000
484,TOYOTA,Chr,2019,Pearl,1800,Hybrid,32000,4,3500000
485,TOYOTA,Chr,2019,,1800,Hybrid,78000,4,3450000
486,TOYOTA,Corolla cross,2022,Pearl,1800,Hybrid,23000,4.5,4750000
487,TOYOTA,G mode nero,2019,,1800,Hybrid,22000,4.5,3500000
488,HONDA,Insight,2019,Redwine,1800,Hybrid,85000,R,3500000
489,TOYOTA,Yaris cross,2021,,1500,Hybrid,42410,4.5,3850000
490,TOYOTA,Corolla cross,2021,Black,1800,Hybrid,8336,5,4700000
493,COROLLA CROSS,Z leather,2021,Gray,1800,Hybrid,7400,4.5,5100000
495,NISSAN,Xtrail,2019,Black,2000,Hybrid,21000,5,4700000
496,NISSAN,Xtrail,2019,Black,2000,Hybrid,28368,5,4800000
497,NISSAN,Xtrail,2019,Pearl,2000,Hybrid,21059,4.5,4800000
500,TOYOTA,Corolla cross,2022,Pearl,1800,Hybrid,23000,3.5,4700000
501,TOYOTA,Axio,2019,Silver,1500,Hybrid,54846,4.5,2750000
502,TOYOTA,Corolla,2019,Black,1800,Hybrid,42000,4,3550000
503,TOYOTA,Noah,2019,Pearl,1800,Hybrid,73000,4,3650000
504,TOYOTA,Noah,2019,Black,1800,Hybrid,84869,4,3200000
505,TOYOTA,Noah,2021,Pearl,1800,Hybrid,80998,4,3400000
506,TOYOTA,Premio,2020,Bronze,1500,Octane,18000,4.5,4600000
507,TOYOTA,Premio,2021,White,1500,Octane,23000,3,4050000
508,TOYOTA,Premio,2021,Bronze,1500,Octane,14000,4.5,4750000
509,TOYOTA,Allion,2019,Black,1500,Octane,10655,4,3950000
510,TOYOTA,Allion,2019,Pearl,1500,Octane,9000,4,3950000
511,TOYOTA,Fielder,2019,Black,1500,Hybrid,54000,4,2950000
512,TOYOTA,Voxy hybrid,2020,Black,1800,Hybrid,44225,R,3500000
513,TOYOTA,Voxy hybrid,2019,Pearl,1800,Hybrid,82175,RA,3350000
514,TOYOTA,Prius,2019,Red,1800,Hybrid,41000,4,3200000
515,TOYOTA,Prius,2019,Silver,1800,Hybrid,50000,4.5,3100000
516,TOYOTA,Corolla,2020,,1800,Hybrid,45000,4,3200000
517,TOYOTA,Prius,2019,Black,1800,Hybrid,34000,4,3150000
518,TOYOTA,Prius,2019,Silver,1800,Hybrid,68822,4,3200000
519,TOYOTA,Esquire,2019,Black,1800,Hybrid,60288,R,3650000
520,TOYOTA,Esquire,2019,Pearl,1800,Hybrid,18144,R,3450000
521,TOYOTA,Axio hybrid,2019,Black,1500,Hybrid,27500,4.5,2980000
522,TOYOTA,Prius,2019,Pearl,1800,Hybrid,89500,4.5,3200000
523,TOYOTA,Prius,2019,Pearl,1800,Hybrid,37780,4,3280000
524,TOYOTA,Corolla cross,2024,Pearl,1800,Hybrid,5,S,5580000
525,TOYOTA,Corolla cross,2024,Wine,1800,Hybrid,13,S,5600000
526,TOYOTA,Corolla cross,2024,Black,1800,Hybrid,13,S,5600000
527,TOYOTA,Corolla cross,2024,Wine,1800,Hybrid,4,S,5580000
528,HONDA,Insight,2020,Black,1500,Hybrid,31071,4,3950000
529,HONDA,Insight,2019,Black,1500,Hybrid,63151,4.5,3900000
530,TOYOTA,Corolla hybrid,2019,Black,1800,Hybrid,42000,4,3550000
531,TOYOTA,Allion,2019,Silver,1500,Octane,20000,4,3600000
532,TOYOTA,Corolla,2020,Pearl,1800,Hybrid,80000,4,2950000
533,TOYOTA,Corolla,2020,Pearl,1800,Hybrid,80000,4,3250000
534,TOYOTA,Prius,2019,Pearl,1800,Hybrid,14060,5,3700000
535,HONDA,Crv,2019,Red,2000,Hybrid,42000,4,5450000
536,TOYOTA,Corolla cross,2022,Black,1800,Hybrid,14000,4.5,4750000
537,TOYOTA,Chr,2019,Gray,1800,Hybrid,51347,4.5,3300000
538,TOYOTA,Axio hybrid,2019,Pearl,1500,Hybrid,37000,4,2950000
539,TOYOTA,Harrier,2020,Black,2000,Octane,33061,5,9100000
540,TOYOTA,Prius,2019,Beige,1800,Hybrid,17646,4.5,3500000
541,TOYOTA,Prius,2019,Pearl,1800,Hybrid,44376,4.5,3500000
542,TOYOTA,Harrier,2021,Black,2000,Octane,26000,4.5,8700000
543,TOYOTA,Corolla cross,2021,Pearl,1800,Hybrid,14000,5,4700000
544,HONDA,Grace,2019,Pearl,1500,Hybrid,84000,4,2500000
545,HONDA,Grace,2020,Gray,1500,Hybrid,30000,4.5,3050000
546,HONDA,Grace,2019,,1500,Hybrid,53481,4.5,3000000
547,HONDA,Grace,2019,Pearl,1500,Hybrid,50789,4.5,2950000
548,TOYOTA,Corolla hybrid,2019,,1800,Hybrid,34000,4.5,3500000
549,HONDA,Civic,2019,Pearl,1500,Octen,38000,5,4000000
550,TOYOTA,Corolla cross,2024,Pearl,1800,Hybrid,0,S,5550000
551,TOYOTA,Corolla cross,2024,Black,1800,Hybrid,0,S,5550000
552,TOYOTA,Rav 4 with sunroof,2019,Gray,2000,Octane,24000,5,8500000
553,TOYOTA,Rav 4 with sunroof,2019,Pearl,2000,Octane,41000,4.5,8000000
554,TOYOTA,Corolla cross,2024,Redwine,1800,Hybrid,8,S,5550000
555,TOYOTA,Corolla cross,2021,Black,1800,Hybrid,46000,4,4500000
556,TOYOTA,Fielder hybrid,2019,Redwine,1500,Hybrid,57000,4,3000000
557,TOYOTA,Fielder hybrid,2019,Pearl,1500,Hybrid,34000,4.5,3050000
558,TOYOTA,Corolla cross,2023,Black,1800,Hybrid,18000,5,5250000
559,TOYOTA,Harrier nonhybrid,2020,Pearl,2000,Octen,25000,5,8700000
560,TOYOTA,Corolla cross,2022,,1800,Hybrid,13656,4.5,5250000
561,TOYOTA,Prius,2019,Red,1800,Hybrid,11446,4.5,3450000
562,TOYOTA,Chr,2019,,1800,Hybrid,17204,5,3800000
563,TOYOTA,Axio hybrid,2019,Silver,1500,Hybrid,35301,4,2650000
564,TOYOTA,Corolla cross,2023,Bronze,1800,Hybrid,13990,4.5,5500003
565,TOYOTA,Prius,2019,Silver,1800,Hybrid,25280,4,3550000
566,TOYOTA,Corolla cross,2023,Bronze,1800,Hybrid,13000,4.5,5400000
567,TOYOTA,Premio,2021,White,1500,Octen,23000,3,4000000
569,TOYOTA,Prius,2019,Beige,1800,Hybrid,31000,4.5,3100000
570,TOYOTA,Corolla cross,2023,Pearl,1800,Hybrid,7,S,5300000
571,TOYOTA,Aqua,2019,Pearl,1500,Hybrid,60000,4,2450000
572,HONDA,Crv non hybrid,2019,Pearl,1500,Octen,40000,4,5600000
573,HONDA,Grace,2018,Red,1500,Hybrid,32000,3,2600000
574,TOYOTA,Esquire nonhybrid,2019,,2000,Octen,27000,4.5,4250000
575,TOYOTA,Axio hybrid,2019,Bronze,1500,Hybrid,11000,4,2950000
576,TOYOTA,Allion,2019,Silver,1500,Octane,15000,4,3950000
577,TOYOTA,Allion,2019,Black,1500,Octane,30000,4,4100000
578,TOYOTA,Premio,2020,Pearl,1500,Octane,28000,4.5,4250000
579,HONDA,Crv non hybrd,2019,Black,1500,Octane,24000,4,5700000
580,TOYOTA,Corolla cross,2022,Red,1800,Hybrid,8000,4.5,5250000
581,TOYOTA,Corolla cross,2024,,1800,Hybrid,0,S,5900000
582,TOYOTA,Prius,2019,Beige,1800,Hybrid,9527,4,3200000
583,TOYOTA,Yaris cross,2020,,1500,Hybrid,24947,4.5,4000000
584,HONDA,Crv hybrid,2019,,2000,Hybrid,29000,4.5,5900000
585,TOYOTA,Corolla cross,2023,Pearl,1800,Hybrid,6000,5,5400000
586,TOYOTA,Corolla cross,2022,Pearl,1800,5,10000,5,5200000
587,TOYOTA,Corolla cross,2023,Pearl,1800,Hybrid,10000,5,5300000
588,TOYOTA,Prius,2019,Gray,1800,Hybrid,9390,4.5,3300000
589,TOYOTA,Prius,2019,Silver,1800,Hybrid,8993,4.5,3300001
590,TOYOTA,Prius,2019,Pearl,1800,Hybrid,37280,4.5,3300000
591,TOYOTA,Corolla cross,2022,Pearl,1800,Hybrid,44000,4.5,4700000
592,TOYOTA,Corolla hybrid,2020,Pearl,1800,Hybrid,38000,4,3600000
593,TOYOTA,Aqua,2019,Silver,1500,Hybrid,25000,R,1950000
594,TOYOTA,Prius,2019,Silver,1800,Hybrid,20073,4.5,3150000
595,TOYOTA,Allion,2019,Redwine,1500,Octane,12000,R,3900000
596,TOYOTA,Noah,2019,,1800,Hybrid,34388,5,3850000
597,TOYOTA,Fielder,2019,Black,1500,Hybrid,47696,4,2750000
598,TOYOTA,Prius,2019,Silver,1800,Hybrid,23000,4,3250000
599,HONDA,Crv,2019,,1500,Hybrid,34029,4.5,5600000
600,TOYOTA,Prius,2019,Pearl,1800,Hybrid,43000,4.5,3200000
601,TOYOTA,Prius,2019,Silver,1800,Hybrid,41000,4,2950000
602,TOYOTA,Prius,2019,Pearl,1800,Hybrid,49000,4.5,3100000
603,TOYOTA,Prius,2019,Silver,1800,Hybrid,38357,4.5,3200000
604,TOYOTA,Corolla cross,2021,,1800,Hybrid,34818,4.5,4700000
605,TOYOTA,Corolla cross,2021,Pearl,1800,Hybrid,34136,4.5,4700000
606,TOYOTA,Corolla cross,2021,,1800,Hybrid,14073,5,5100000
607,TOYOTA,Axio hybrid,2019,White,1500,Hybrid,29785,4.5,2650000
608,TOYOTA,Prius,2019,Black,1800,Hybrid,9000,4,3450000
609,TOYOTA,Corolla cross,2021,Pearl,1800,Hybrid,25000,4.5,4800000
610,TOYOTA,Corolla cross,2021,Pearl,1800,Hybrid,15544,5,4700000
611,TOYOTA,Axio hybrid,2019,White,1500,Hybrid,29785,4.5,2650000
612,TOYOTA,Corolla cross,2021,Black,1800,Hybrid,3800,5,4700000
613,TOYOTA,Axio hybrid,2019,White,1500,Hybrid,14400,4.5,2650000
614,TOYOTA,Axio hybrid,2019,Silver,1500,Hybrid,45030,4,2650000
615,TOYOTA,Corolla cross,2024,Red,1800,Hybrid,46,S,5700000
616,TOYOTA,Chr,2019,Pearl,1800,Hybrid,28000,4.5,3750000
617,TOYOTA,Corolla cross,2023,Pearl,1800,Hybrid,3500,5,5300000
619,TOYOTA,Hiace,2019,Black,2000,Octane,90162,3.5,3900000
620,HONDA,Insight,2019,Brown,1500,Hybrid,79000,4.5,3750000
621,TOYOTA,Prius,2019,Beige,1800,Hybrid,41735,3,3000000
622,HONDA,Vezel,2021,Beige,1500,Hybrid,21000,4.5,5000000
623,HONDA,Insight,2019,Gray,1500,Hybrid,58000,4,4050000
624,HONDA,Civic,2020,Black,1500,Octen,68000,4,4200000
625,HONDA,Crv non hybrid,2019,Pearl,1500,Octen,15000,4.5,6100000
626,HONDA,Vezel,2021,Pearl,1500,Hybrid,2679,5,5150000
627,TOYOTA,Prius,2019,Beige,1800,Hybrid,21000,4,3300000
628,TOYOTA,Prius,2020,Red,1800,Hybrid,16000,4,3400000
629,TOYOTA,Prius,2020,Red,1800,Hybrid,32000,4.5,3500000
630,TOYOTA,Prius,2020,Red,1800,Hybrid,29000,4.5,3600000
631,HONDA,Crv,2019,Black,1500,Octane,31455,4.5,6700000
633,TOYOTA,Corolla cross,2022,Silver,1800,Hybrid,4500,R,4700000
634,HONDA,Grace,2018,Red,1500,Octane,32000,3,2600000
635,TOYOTA,Chr,2018,Pearl,1800,Hybrid,73000,4.5,3350000
636,TOYOTA,Chr,2018,Black,1800,Hybrid,54000,4,3300000
637,TOYOTA,Fielder,2019,Blue,1500,Hybrid,89354,3.5,2600000
639,TOYOTA,Axio,2018,Silver,1500,Hybrid,18000,4,2580000
640,TOYOTA,Axio,2019,Silver,1500,Octane,108000,4,2550000
641,TOYOTA,Axio,2019,Pearl,1500,Octane,24000,4.5,2950000
643,TOYOTA,Prius,2018,Beige,1800,Hybrid,83000,4,2750000
644,TOYOTA,Prius,2019,Wine,1800,Hybrid,49000,4,3500000
645,TOYOTA,Corolla,2019,Pearl,1800,Hybrid,60000,4,3000000
646,TOYOTA,Prius,2019,Black,1800,Hybrid,44000,4,3250000
648,TOYOTA,Fielder,2018,White,1500,Hybrid,67000,R,2300000
649,TOYOTA,Fielder,2018,Black,1500,Hybrid,108000,4,2500000
650,TOYOTA,Esquire,2019,Black,1800,Hybrid,69000,3.5,3600000
651,TOYOTA,Prius,2020,,1800,Hybrid,51000,3.5,3800000
652,TOYOTA,Esquire,2019,,1800,Hybrid,24000,4,4000000
653,TOYOTA,Esquire,2019,Pearl,1800,Hybrid,53000,3.5,4050000
654,TOYOTA,Esquire,2020,Black,1800,Octane,56000,4,4250000
655,TOYOTA,Corolla,2020,Pearl,1800,Hybrid,38000,4,3600000
656,TOYOTA,Corolla cross,2023,Pearl,1800,Hybrid,1076,5,5700000
657,TOYOTA,Noah,2018,Pearl,1800,Hybrid,121000,3.5,3500000
658,TOYOTA,Premio,2020,Pearl,1500,Octane,24377,4.5,4400000
659,TOYOTA,Chr,2019,Pearl,1800,Hybrid,28000,4.5,3700000
660,TOYOTA,Noah,2018,Silver,1800,Hybrid,90000,4,300000
661,TOYOTA,Premio,2018,White,1500,Octane,84000,4,3400000
662,TOYOTA,Premio,2018,Silver,1500,Octane,78000,4,3600000
663,TOYOTA,Premio,2018,White,1500,Octane,77000,4,3600000
664,TOYOTA,Premio,2020,Silver,1500,Petrol,31000,4,3650000
665,TOYOTA,Premio,2018,,1500,Octane,24000,4.5,3950000
666,TOYOTA,Fielder,2019,Black,1500,Hybrid,70000,4,2800000
667,TOYOTA,Premio,2019,Redwine,1500,Octane,30000,4.5,4200000
668,TOYOTA,Premio,2019,Redwine,1500,Octane,29000,4,4100000
669,TOYOTA,Premio,2020,Black,1500,Octane,22000,4,4100000
670,TOYOTA,Premio,2020,Pearl,1500,Octane,38000,AUTO,4250000
671,TOYOTA,Premio,2020,White,1500,Octane,27000,4.5,3500000
672,TOYOTA,Axio nonhybrid,2020,Black,1500,Hybrid,73000,4.5,3050000
673,TOYOTA,Allion a 15,2020,Redwine,1500,Octane,14000,4,4100000
674,NISSAN,Xtrail,2019,Gray,2000,Hybrid,33000,4.5,4400000
675,HONDA,Civic,2019,Red,1500,Octane,88000,4,3700000
676,HONDA,Crv,2020,Pearl,1500,Octane,28000,4,6450000
677,TOYOTA,Harrier,2019,Black,2000,Octane,24000,5,7500000
678,TOYOTA,Harrier,2019,Pearl,2000,Octane,42000,4,7600000
679,TOYOTA,Harrier,2020,Pearl,2000,Petrol,27000,4,8000000
680,TOYOTA,Corolla cross,2021,Pearl,1800,Hybrid,9000,5,5500000
681,TOYOTA,Corolla cross,2021,Black,1800,Hybrid,20000,4.5,5300000
683,TOYOTA,Harrier,2021,Pearl,2000,Petrol,48968,5,9600000
684,TOYOTA,Chr,2019,Black,1800,Hybrid,48251,4,3550000
685,TOYOTA,Prius,2019,Blue,1800,Hybrid,22040,4.5,3450000
686,TOYOTA,Prius,2019,Silver,1800,Hybrid,20000,4.5,3200000
687,TOYOTA,Prius,2019,Beige,1800,Hybrid,39052,4,3500000
688,TOYOTA,Premio,2019,Wine,1500,Octane,31273,4.5,4100000
689,TOYOTA,Esquire,2018,Pearl,1800,Hybrid,64955,3.5,3400000
690,TOYOTA,Fielder,2019,Black,1500,Hybrid,47696,4,2750000
691,TOYOTA,Corolla cross,2021,Bronze,1800,Hybrid,23862,5,5200000
692,TOYOTA,Corolla,2019,,1800,Hybrid,37991,4.5,3600000
693,TOYOTA,Corolla,2019,Gray,1500,Hybrid,20550,4,3350000
694,TOYOTA,Allion,2019,,1500,Hybrid,12829,4.5,4250000
695,TOYOTA,Yaris cross,2020,,1500,Petrol,78000,4.5,3900000
696,TOYOTA,Aqua,2019,White,1500,Petrol,80000,3.5,1850000
697,TOYOTA,Allion,2021,,1500,Gasolin,13334,4.5,4350000
698,TOYOTA,Allion,2020,,1500,Gasolin,46070,4.5,4349998
699,TOYOTA,Premio,2019,Pearl,1500,Gasolin,19340,5,4200000
700,TOYOTA,Axio,2019,,1500,Hybrid,6136,R,3300000
701,TOYOTA,Axio,2019,,1500,Hybrid,7883,AT,3300000
702,TOYOTA,Axio,2019,,1500,Hybrid,1900,3.5,3400000
703,TOYOTA,Axio,2019,,1500,Hybrid,16446,4,3450000
704,TOYOTA,Axio,2019,Pearl,1500,Hybrid,24000,4.5,3350000
705,TOYOTA,Axio hybrid,2019,White,1800,Petrol,62000,4.5,2550000
706,TOYOTA,Axio hybrid,2019,Silver,1800,Petrol,75000,4,2500000
707,TOYOTA,Prius,2019,Black,1800,Octane,9000,4,3600000
708,TOYOTA,Prius,2019,Pearl,1800,Octane,34000,4.5,3550000
709,TOYOTA,Prius,2019,Red,1800,Petrol,25000,4.5,3250000
710,TOYOTA,Axio hybrid,2018,Silver,1800,Petrol,64000,4,2300000
711,TOYOTA,Axio hybrid,2018,Silver,1500,Petrol,67000,4,2510000
712,TOYOTA,Yaris cross,2020,Black,1498,Octen,16000,4,3950000
713,TOYOTA,Chr,2018,Wine,1800,Petrol,67000,3.5,3250000
714,HONDA,Insight,2019,Pearl,1500,Petrol,57000,4,4000000
715,TOYOTA,Aqua,2019,Red,1500,Octain,45000,R,2000000
716,TOYOTA,Esquire gi premium,2019,Black,1800,Petrol,61000,3.5,3500000
717,HONDA,Crv hybrid,2019,,2000,Petrol,44000,4,5900000
718,HONDA,Crv non hybrid,2019,Pearl,1500,Petrol,12000,4.5,5900000
719,TOYOTA,Corolla cross,2021,Pearl,1800,Petrol,33000,4.5,5200000
720,TOYOTA,Voxy hybrid,2018,Pearl,1800,Octain,37500,4.5,3250000
721,HONDA,Civic,2019,Red,1500,Petrol,88000,4,3700000
722,HONDA,Grace,2018,Red,1500,Petrol,5000,4.5,2850000
724,TOYOTA,Noah non hybrid,2018,Pearl,2000,Petrol,65000,4.5,4000000
725,TOYOTA,Esquire hybrid,2019,,1800,Petrol,27000,4.5,3800000
726,TOYOTA,Esquire hybrid,2019,Black,1800,Petrol,43000,4.5,4000000
727,TOYOTA,Chr,2018,Pearl,1800,Petrol,23600,4.5,3300000
728,TOYOTA,Corolla cross,2024,,1800,Hybrid,0,S,6200000
729,TOYOTA,Prius,2019,Gray,1800,Petrol,57000,4.5,3150000
730,TOYOTA,Prius,2019,White,1800,Petrol,50000,4.5,2900000
731,TOYOTA,Prius s touring,2020,Red,1800,Octain,29000,4.5,3500000
732,TOYOTA,Prius,2019,Red,1800,Petrol,19000,AT,3300000
733,TOYOTA,Prius s touring,2020,Red,1800,Octain,32000,4.5,3500000
734,TOYOTA,Prius,2019,Beige,1800,Petrol,19000,4.5,3300000
735,TOYOTA,Corolla cross,2024,,1800,Hybrid,0,S,6200000
736,TOYOTA,Corolla cross,2024,,1800,Hybrid,0,S,6200000
737,TOYOTA,Corolla cross,2024,,1800,Hybrid,0,S,6200000
738,TOYOTA,Corolla cross,2024,,1800,Hybrid,0,S,6200000
739,TOYOTA,Prius s,2019,Pearl,1800,Hybrid,46000,4.5,3300000
740,TOYOTA,Prius a touring premium selection,2019,Pearl,1800,Hybrid,45000,4.5,3500000
741,TOYOTA,Corolla cross,2023,Pearl,1800,Hybrid,0,S,5550000
742,TOYOTA,Axio hybrid,2018,Silver,1500,Hybride,67000,4,2300000
744,TOYOTA,Prius s safety plus,2019,Beige,1800,Hybrde,23000,4.5,3300000
745,TOYOTA,Prius s safety plus,2019,White,1800,Hybrid,17000,4,3000000
746,TOYOTA,S safety sense,2019,Red,1800,Hybrid,9000,4.5,3300000
747,NISSAN,Xtrail hybrid 20xi 2wd,2018,Black,2000,Hybrid,30000,4.5,4650000
748,TOYOTA,Allion,2020,Redwine,1500,Non hybrid,41400,4.5,4050000
749,TOYOTA,Corolla cross,2021,,1800,Hybrid,7094,4.5,4950000
750,TOYOTA,Corolla cross,2022,Black,1800,Hybrid,19300,4.5,4950000
751,TOYOTA,Corolla cross,2023,Bronze,1800,Hybrid,0,S,5700000
752,HONDA,Insight,2019,,1500,Hybrid,44000,4,4100000
753,TOYOTA,Prius s,2019,Red,1800,Hybrid,27000,4.5,3250000
754,TOYOTA,Prius s safety plus,2018,Silver,1800,Hybrid,57000,4.5,2800000
755,TOYOTA,Prius s safety plus,2018,Pearl,1800,Hybrid,50000,4.5,2800000
756,TOYOTA,Prius s safety plus,2018,Beige,1800,Hybrid,42000,4.5,2800000
757,TOYOTA,Prius s safety plus,2018,Beige,1800,Hybrid,31000,4,2850000
758,TOYOTA,Prius s safety plus,2018,,1800,Hybrid,45000,4.5,3000000
759,TOYOTA,Prius s,2019,Silver,1800,Hybrid,48000,S,3100000
760,TOYOTA,Prius a touring premium selection,2019,Red,1800,Hybrid,44000,4.5,360000
761,TOYOTA,S touring with modellista bodykit,2019,Gray,1800,Hybrid,26000,4.5,3400000
762,TOYOTA,Harrier,2018,Pearl,2000,Gasoline,47209,4,6900000
763,TOYOTA,Chr,2018,Twin,1800,Hybrid,52,4.5,3200000
764,TOYOTA,Toyota sienta,2018,Black,1500,Hybrid,59000,4.5,2650000
765,TOYOTA,Axio,2019,White,1500,Hyrbrid,64000,4,2600000
766,TOYOTA,Axio,2018,White,1500,Hybrid,102000,4,2350000
767,TOYOTA,Axio,2018,White,1500,Hyrbrid,74000,4,2450000
768,TOYOTA,Axio,2018,Silver,1500,Hybrid,18000,4,2580000
769,TOYOTA,Axio,2018,Silver,1500,Gasoline,39000,3.5,2650000
770,TOYOTA,Allion a 15,2018,Silver,1500,Gasoline,69000,4,3150000
771,TOYOTA,Allion a15,2018,Wine,1500,Gasoline,51000,4,3650000
772,TOYOTA,Allion a15,2018,Silver,1500,Gasoline,13000,4.5,3580000
773,TOYOTA,Allion a15,2018,Black,1500,Gasoline,27000,4.5,3600000
774,TOYOTA,Allion a 15,2020,Wine,1500,Gasoline,14000,4,4100000
775,NISSAN,Xtrail,2019,Gray,2000,Hybrid,33000,4.5,4500000
776,NISSAN,Xtrail,2018,Wine,2000,Hybrid,57000,4,3750000
777,TOYOTA,Harrier,2019,Pearl,2000,Gasoline,42000,4,7900000
778,TOYOTA,Corolla cross,2021,Pearl,1800,Hybrid,9000,5,5700000
779,TOYOTA,Corolla cross,2021,Black,1800,Hybrid,28895,4.5,5450000
781,TOYOTA,Esquire gi non hybrid,2018,,2000,Hybrid,143115,R,4000000
782,TOYOTA,Corolla cross,2021,Pearl,1500,Hybrid,28000,4,4900000
783,TOYOTA,Axio hybrid,2018,Silver,1500,Hybrid,32800,4,2300000
784,TOYOTA,Yaris cross,2020,Redwine,1500,Hybrid,32000,4,4100000
785,HONDA,Crv,2018,Pearl,1500,Octance,35000,5,5600000
786,TOYOTA,Chr,2018,Redwine,1800,Hybrid,48000,4.5,3350000
787,TOYOTA,Chr,2018,Gray,1800,Hybrid,28500,5,3300000
788,TOYOTA,Axio non hybrid,2018,Silver,1500,Octance,32400,4,2600000
789,LEXUS,Rx300,2018,Black,2000,Octane,36000,4.5,11000000
790,HONDA,Grace lx,2019,Silver,1500,Octane,7000,4,3050000
791,TOYOTA,Premio,2018,Pearl,1500,Octane,42000,4.5,3900000
792,TOYOTA,Premio fex,2019,Pearl,1500,Octane,18000,4,4000000
793,TOYOTA,Premio fex,2020,Pearl,1500,Octane,23000,5,4200000
794,TOYOTA,Corolla cross,2021,Black,1800,Hybrid,15000,4.5,5000000
795,TOYOTA,Corolla cross,2021,Black,1800,Hybrid,9000,5,5500000
796,TOYOTA,Prius a premium,2019,Gray,1800,Hybrid,64000,4,3450000
797,TOYOTA,Corolla cross,2021,Black,1800,Hybrid,45000,4.5,4850000
798,TOYOTA,Corolla cross,2021,Black,1800,Hybrid,28000,4,5050000
799,TOYOTA,Corolla cross,2021,,1800,Hybrid,17000,4,5050000
800,TOYOTA,Yaris cross,2021,Pearl,1500,Hybrid,4041,5,4500000
801,TOYOTA,Prius a touring,2019,,1800,Hybrid,25912,4.5,3500000
802,TOYOTA,Prius a touring,2019,,1800,Hybrid,10235,4.5,3500000
803,TOYOTA,Premio,2018,Silver,1500,Octane,14385,4.5,3450000
804,TOYOTA,Allion,2019,Silver,1500,Octane,34830,5,3500000
805,TOYOTA,Corolla cross,2021,,1800,Hybrid,2000,4.5,5700000
806,TOYOTA,Corolla cross,2021,Black,1800,Hybrid,26000,4.5,5100000
807,TOYOTA,Corolla cross,2021,Black,1800,Hybrid,7000,5,5100000
808,TOYOTA,Esquire,2018,Bronze,1800,Hybrid,91700,4.5,3750000
809,TOYOTA,Esquire gi premium,2018,,1800,Hybrid,57000,4.5,3850000
810,HONDA,Crv,2020,Black,1500,Octane,29000,4.5,6500000
811,TOYOTA,Axio,2018,Whte,1500,Octane,87600,4,25800000
812,TOYOTA,Corolla cross,2023,Pearl,1800,Hybrid,2500,6,5800000
813,TOYOTA,Premio fex,2020,Pearl,1500,Octane,12000,4.5,4200000
814,HONDA,Insight,2019,Black,1500,Hybrid,44000,4,4300000
815,TOYOTA,Chr g led,2019,,1800,Hybrid,27800,4.5,3700000
816,TOYOTA,Prius a touring,2019,Beige,1800,Hybrid,17000,4.5,3700000
817,TOYOTA,Prius a touring,2019,Red,1800,Hybrid,16000,4,3750000
818,TOYOTA,Corolla cross,2021,Pearl,1800,Hybrid,15000,5,5100000
819,TOYOTA,Corolla cross,2021,Pearl,1800,Hybrid,50000,4.5,4900000
820,TOYOTA,Prius a premium,2018,Red,1800,Hybrid,35000,4,3550000
821,TOYOTA,Fielder hybrid,2018,White,1500,Hybrid,65600,4,25800000
822,TOYOTA,Axio hybrid,2018,Silver,1500,Hybrid,84000,4,2300000
824,TOYOTA,Prius,2018,Red,1800,Hybrid,58800,4.5,3200000
825,HONDA,Insight,2019,Pearl,1500,Hybrid,38425,4.5,4300000
827,TOYOTA,Prius a touring,2019,Gray,1800,Hybrid,48000,4,3400000
828,TOYOTA,Prius s safety plus,2018,Pearl,1800,Hybrid,29000,4.5,3200000
829,TOYOTA,Prius s safety plus,2018,Black,1800,Hybrid,16000,4.5,3200000
830,TOYOTA,Prius s safety plus,2018,Beige,1800,Hybrid,18000,4.5,3100000
831,TOYOTA,Axio hybrid,2018,Bronze,1500,Hybrid,9000,5,3000000
832,TOYOTA,Axio hybrid,2018,Silver,1500,Hybrid,27000,4,2600000
833,TOYOTA,Corolla cross,2022,Blue,1800,Hybrid,9800,5,5200000
834,NISSAN,Xtrail hybrid,2018,Black,2000,Hybrid,43000,4,5100000
835,NISSAN,Xtrail hybrid,2018,,2000,Hybrid,61000,4,4300000
836,MAZDA,Axela,2018,Red,1500,Octane,55000,4.5,3200000
837,TOYOTA,Corolla cross,2021,Pearl,1800,Hybrid,20000,5,5050000
838,TOYOTA,Corolla cross,2023,Pearl,1800,Hybrid,2,S,6000000
839,TOYOTA,Prius s,2018,Black,1800,Hybrid,53000,4,3250000
840,TOYOTA,Prius s touring,2018,Pearl,1800,Hybrid,31000,3.5,3400000
841,TOYOTA,Noah hybrid g new shape,2018,,1800,Hybrid,101000,4,3400000
842,TOYOTA,Noah hybrid g new shape,2018,Pearl,1800,Hybrid,81000,4.5,3550000
843,TOYOTA,Harrier,2017,,2000,Octane,119000,4,7200000
844,TOYOTA,Aqua,2017,,1500,Hybrid,97000,4,1930000
845,TOYOTA,Allion,2019,Redwine,1500,Octane,50000,4.5,4100000
846,TOYOTA,Premio,2019,Redwine,1500,Octance,28000,5,4450000
847,TOYOTA,Prius s,2018,Blue,1800,Hybrid,85600,3.5,3050000
848,HONDA,Crv,2018,Pearl,1500,Octane,12000,5,6100000
849,HONDA,Grace hybrid,2019,,1500,Hybrid,23700,4,3000000
850,HONDA,Grace hybrid,2019,Red,1500,Hybrid,11000,4,3000000
851,TOYOTA,Prius a touring,2018,Red,1800,Hybrid,19000,3.5,3500000
852,TOYOTA,Corolla,2019,,1800,Hybrid,34500,4.5,3800000
853,TOYOTA,Corolla,2019,Silver,1800,Hybrid,20900,4.5,3550000
854,TOYOTA,Axio hybrid,2018,Silver,1500,Hybrid,49000,4,2600000
855,TOYOTA,Axio hybrid,2018,White,1500,Hybrid,33000,4,2600000
856,TOYOTA,Corolla cross,2021,Pearl,1800,Hybrid,17000,6,5800000
857,TOYOTA,Fielder hv  g wxb,2018,Black,1500,Hybrid,40000,4,3000000
858,TOYOTA,Premio fex,2020,Bronze,1500,Octane,17000,4.5,4600000
859,HONDA,Vezel hybrid,2017,Red,1500,Hybrid,46000,R,3150000
860,NISSAN,Xtrail hybrid,2017,Black,2000,Hybrid,99000,3.5,4000000
861,TOYOTA,Prius,2019,Red,1800,Hybrid,44000,4,3900000
862,TOYOTA,Chr,2018,Redwine,1800,Hybrid,20800,4.5,3650000
863,TOYOTA,Chr,2018,,1800,Hybrid,8000,4.5,3650000
864,TOYOTA,Chr,2018,Gray,1800,Hybrid,22000,4.5,3550000
865,TOYOTA,Chr,2018,,1800,Hybrid,27000,4.5,3650000
866,HONDA,Crv,2018,,1500,Gassoline,35000,4.5,5800000
867,TOYOTA,Prius,2018,Black,1800,Hybrid,53000,4,3300000
868,TOYOTA,Fielder hv  g wxb,2018,Pearl,1500,Hybrid,30000,4.5,3100000
869,TOYOTA,Chr g led,2018,Redwine,1800,Hybrid,21000,4.5,3650000
870,TOYOTA,Prius s safety plus,2018,Silver,1800,Hybrid,38000,4.5,3050000
871,HONDA,Insight,2019,Pearl,1500,Hybrid,45000,4.5,4500000
872,TOYOTA,Chr,2017,Redwine,1800,Hybrid,32000,4.5,3100000
873,MAZDA,Axela,2017,Grey,1500,4,66000,4,2650000
874,TOYOTA,Prius s safety plus,2017,Silver,1800,Petrol hybrid,31580,4,2750000
875,NISSAN,Tekna,2023,,1500,Petrol hybrid,0,5,8500000
876,HONDA,Civic,2017,Red,1500,Petrol,34000,4,3800000
877,HONDA,Vezel hybrid,2017,Black,1500,Petrol hybrid,34000,4.5,3100000
878,TOYOTA,Chr,2017,,1800,Petrol hybrid,31700,4.5,3200000
879,TOYOTA,Prius s safety,2017,Pearl,1800,Petrol hybrid,36000,4,2850000
880,TOYOTA,Yaris cross,2022,Pearl,1500,Petrol hybrid,31,6,4100000
881,TOYOTA,Prius,2017,Blue,1800,Petrol hybrid,38000,4,2750000
882,TOYOTA,Aqua,2017,Silver,1500,Petrol hybrid,71000,4,1850000
883,NISSAN,Xtrail,2018,Black,2000,Petrol hybrid,56000,4.5,5000000
884,TOYOTA,Chr,2017,Pearl,1800,Petrol hybrid,31400,5,3200000
885,TOYOTA,Prius,2017,Grey,1800,Petrol hybrid,48000,4,2950000
886,TOYOTA,Prius s safety,2017,Beige,1800,Petrol hybrid,15000,4,2850000
887,TOYOTA,Axio hybrid,2017,White,1500,Hybrid,53000,4,2250000
888,TOYOTA,Axio hybrid,2017,White,1500,Hybrid,41800,4,2250000
889,TOYOTA,Axio hybrid,2017,Silver,1500,Petrol,35000,4,2250000
890,TOYOTA,Premio fex,2019,Black,1500,Petrol,10000,5,4250000
891,NISSAN,Xtrail hybrid 20xi 2wd,2018,Brown,2000,Gasoline+hybrid,19229,4,4300000
892,TOYOTA,Prius alpha s tune black 2,2018,Silver,1800,Gasoline+hybrid,30000,4.5,3450000
893,TOYOTA,Noah hybrid g new shape,2017,Brown,1800,Gasoline+hybrid,38000,4,3200000
894,NISSAN,Xtrail  sunroof,2017,Pearl,2000,Hybrid,58000,4,4400000
896,TOYOTA,Harrier premium metal leather,2019,Black,2000,Gasoline,46000,5,7300000
898,TOYOTA,Axio hybrid,2017,White,1500,Gasoline+hybrid,29000,4,2250000
899,TOYOTA,Allion,2017,Black,1500,Gasoline,35000,4,3450000
900,TOYOTA,Premio,2021,Black,1500,Gasoline,21000,4.5,4200000
901,TOYOTA,Prius s safety plus,2017,Beige,1800,Hybrid,11335,4.5,2600000
902,HONDA,Grace hybrid lx,2017,,1500,Gasoline,14900,4.5,2250000
903,HONDA,Vezel,2017,Red,1500,Gasoline,52000,4.5,3050000
904,TOYOTA,Prius,2017,Redwine,1800,Gasoline+hybrid,15000,4,2900000
905,HONDA,Grace lx,2017,Pearl,1500,Gasoline,22500,3.5,2400000
906,TOYOTA,Haice,2017,White,2000,Gasoline,92000,3.5,2530000
907,TOYOTA,Chr,2017,Grey,1800,Gasoline+hybrid,22000,4,2950000
908,TOYOTA,Axio hybrid,2017,Silver,1500,Gasoline+hybrid,65600,4.5,2350000
909,TOYOTA,Axio hybrid,2017,White,1500,Gasoline,44000,3.5,2300000
910,TOYOTA,Aqua,2017,White,1500,Gasoline,5100,4,1700000
911,TOYOTA,Chr,2017,Pearl,1800,Hybrid,47800,4,3150000
912,TOYOTA,Fielder,2017,Black,1500,Gasoline+hybrid,51000,4,2050000
913,TOYOTA,Prius,2017,Pearl,1800,Gasoline+hybrid,25000,4,2750000
914,𝐓𝐎𝐘𝐎𝐓𝐀,𝐏𝐑𝐈𝐔𝐒,2017,Beige,1800,Gasoline+hybrid,30700,4.5,2700000
915,TOYOTA,Prius s safety,2016,Beige,1800,Gasoline+hybrid,42000,4,2400000
916,TOYOTA,Axio hybrid,2016,White,1500,Gasoline+hybrid,59979,RA,1850000
917,TOYOTA,Axio hybrid,2016,Silver,1500,Hybrid,46738,R,1850000
918,TOYOTA,Axio hybrid,2016,Silver,1500,Gasoline+hybrid,44678,3.5,1850000
919,TOYOTA,Axio hybrid,2016,White,1500,Gasoline+hybrid,37000,4,1900000
920,TOYOTA,Premio,2016,Redwine,1500,Gasoline,26584,R,3200000
922,HONDA,Grace hybrid,2017,Pearl,1500,Gasoline+hybrid,15000,4.5,2650000
923,TOYOTA,Premio,2016,Pearl,1500,Gasoline,35000,4,3100000
924,TOYOTA,Chr,2017,Black,1800,Gasoline+hybrid,44311,4.5,3250000
925,TOYOTA,Chr,2017,Pearl,1800,Gasoline+hybrid,22593,4,3250000
926,TOYOTA,Axio wxb hybrid,2019,Pearl,1500,Hybrid,1600,R,3100000
927,TOYOTA,Chr,2017,,1800,Hybrid,28500,4.5,3300000
928,TOYOTA,Chr,2017,,1800,Gasoline+hybrid,28000,5 AA,3250000
933,TOYOTA,Chr,2017,,1800,Hybrid,1880,5,3150000
934,TOYOTA,Prius,2016,Beige,1800,Hybrid,19000,4,2500000
